day,my_bid,winnable_blocks,max_wait_min,max_wait_hours
2026-01-01 00:00:00.000 UTC,0.02,6724,2.800000,0.046667
2026-01-01 00:00:00.000 UTC,0.05,7093,1.000000,0.016667
2026-01-01 00:00:00.000 UTC,0.1,7144,0.400000,0.006667
2026-01-01 00:00:00.000 UTC,0.25,7169,0.400000,0.006667
2026-01-01 00:00:00.000 UTC,0.5,7169,0.400000,0.006667
2026-01-01 00:00:00.000 UTC,1.0,7170,0.400000,0.006667
2026-01-01 00:00:00.000 UTC,2.0,7170,0.400000,0.006667
2026-01-01 00:00:00.000 UTC,5.0,7170,0.400000,0.006667
2026-01-02 00:00:00.000 UTC,0.02,6300,2.600000,0.043333
2026-01-02 00:00:00.000 UTC,0.05,6977,1.600000,0.026667
2026-01-02 00:00:00.000 UTC,0.1,7096,0.600000,0.010000
2026-01-02 00:00:00.000 UTC,0.25,7144,0.600000,0.010000
2026-01-02 00:00:00.000 UTC,0.5,7158,0.600000,0.010000
2026-01-02 00:00:00.000 UTC,1.0,7169,0.600000,0.010000
2026-01-02 00:00:00.000 UTC,2.0,7172,0.600000,0.010000
2026-01-02 00:00:00.000 UTC,5.0,7174,0.600000,0.010000
2026-01-03 00:00:00.000 UTC,0.02,6633,1.400000,0.023333
2026-01-03 00:00:00.000 UTC,0.05,7064,0.600000,0.010000
2026-01-03 00:00:00.000 UTC,0.1,7123,0.600000,0.010000
2026-01-03 00:00:00.000 UTC,0.25,7160,0.600000,0.010000
2026-01-03 00:00:00.000 UTC,0.5,7169,0.600000,0.010000
2026-01-03 00:00:00.000 UTC,1.0,7169,0.600000,0.010000
2026-01-03 00:00:00.000 UTC,2.0,7169,0.600000,0.010000
2026-01-03 00:00:00.000 UTC,5.0,7170,0.400000,0.006667
2026-01-04 00:00:00.000 UTC,0.02,6583,1.600000,0.026667
2026-01-04 00:00:00.000 UTC,0.05,7068,1.000000,0.016667
2026-01-04 00:00:00.000 UTC,0.1,7138,0.800000,0.013333
2026-01-04 00:00:00.000 UTC,0.25,7158,0.800000,0.013333
2026-01-04 00:00:00.000 UTC,0.5,7165,0.600000,0.010000
2026-01-04 00:00:00.000 UTC,1.0,7171,0.400000,0.006667
2026-01-04 00:00:00.000 UTC,2.0,7172,0.400000,0.006667
2026-01-04 00:00:00.000 UTC,5.0,7172,0.400000,0.006667
2026-01-05 00:00:00.000 UTC,0.02,5946,5.400000,0.090000
2026-01-05 00:00:00.000 UTC,0.05,6895,1.800000,0.030000
2026-01-05 00:00:00.000 UTC,0.1,7068,0.800000,0.013333
2026-01-05 00:00:00.000 UTC,0.25,7133,0.600000,0.010000
2026-01-05 00:00:00.000 UTC,0.5,7151,0.400000,0.006667
2026-01-05 00:00:00.000 UTC,1.0,7155,0.400000,0.006667
2026-01-05 00:00:00.000 UTC,2.0,7162,0.400000,0.006667
2026-01-05 00:00:00.000 UTC,5.0,7163,0.400000,0.006667
2026-01-06 00:00:00.000 UTC,0.02,5708,4.600000,0.076667
2026-01-06 00:00:00.000 UTC,0.05,6923,1.600000,0.026667
2026-01-06 00:00:00.000 UTC,0.1,7081,1.200000,0.020000
2026-01-06 00:00:00.000 UTC,0.25,7145,0.600000,0.010000
2026-01-06 00:00:00.000 UTC,0.5,7163,0.600000,0.010000
2026-01-06 00:00:00.000 UTC,1.0,7173,0.400000,0.006667
2026-01-06 00:00:00.000 UTC,2.0,7175,0.400000,0.006667
2026-01-06 00:00:00.000 UTC,5.0,7178,0.400000,0.006667
2026-01-07 00:00:00.000 UTC,0.02,6185,1.800000,0.030000
2026-01-07 00:00:00.000 UTC,0.05,6996,1.200000,0.020000
2026-01-07 00:00:00.000 UTC,0.1,7098,0.600000,0.010000
2026-01-07 00:00:00.000 UTC,0.25,7143,0.400000,0.006667
2026-01-07 00:00:00.000 UTC,0.5,7153,0.400000,0.006667
2026-01-07 00:00:00.000 UTC,1.0,7159,0.400000,0.006667
2026-01-07 00:00:00.000 UTC,2.0,7161,0.400000,0.006667
2026-01-07 00:00:00.000 UTC,5.0,7162,0.400000,0.006667
2026-01-08 00:00:00.000 UTC,0.02,6174,7.000000,0.116667
2026-01-08 00:00:00.000 UTC,0.05,6975,1.200000,0.020000
2026-01-08 00:00:00.000 UTC,0.1,7092,0.800000,0.013333
2026-01-08 00:00:00.000 UTC,0.25,7140,0.400000,0.006667
2026-01-08 00:00:00.000 UTC,0.5,7149,0.400000,0.006667
2026-01-08 00:00:00.000 UTC,1.0,7153,0.400000,0.006667
2026-01-08 00:00:00.000 UTC,2.0,7155,0.400000,0.006667
2026-01-08 00:00:00.000 UTC,5.0,7156,0.400000,0.006667
2026-01-09 00:00:00.000 UTC,0.02,6447,2.200000,0.036667
2026-01-09 00:00:00.000 UTC,0.05,7018,1.000000,0.016667
2026-01-09 00:00:00.000 UTC,0.1,7100,0.800000,0.013333
2026-01-09 00:00:00.000 UTC,0.25,7146,0.400000,0.006667
2026-01-09 00:00:00.000 UTC,0.5,7163,0.400000,0.006667
2026-01-09 00:00:00.000 UTC,1.0,7173,0.400000,0.006667
2026-01-09 00:00:00.000 UTC,2.0,7174,0.400000,0.006667
2026-01-09 00:00:00.000 UTC,5.0,7174,0.400000,0.006667
2026-01-10 00:00:00.000 UTC,0.02,6914,1.200000,0.020000
2026-01-10 00:00:00.000 UTC,0.05,7119,0.600000,0.010000
2026-01-10 00:00:00.000 UTC,0.1,7155,0.600000,0.010000
2026-01-10 00:00:00.000 UTC,0.25,7166,0.400000,0.006667
2026-01-10 00:00:00.000 UTC,0.5,7171,0.400000,0.006667
2026-01-10 00:00:00.000 UTC,1.0,7171,0.400000,0.006667
2026-01-10 00:00:00.000 UTC,2.0,7171,0.400000,0.006667
2026-01-10 00:00:00.000 UTC,5.0,7171,0.400000,0.006667
2026-01-11 00:00:00.000 UTC,0.02,6896,1.400000,0.023333
2026-01-11 00:00:00.000 UTC,0.05,7082,0.600000,0.010000
2026-01-11 00:00:00.000 UTC,0.1,7127,0.600000,0.010000
2026-01-11 00:00:00.000 UTC,0.25,7157,0.400000,0.006667
2026-01-11 00:00:00.000 UTC,0.5,7167,0.400000,0.006667
2026-01-11 00:00:00.000 UTC,1.0,7168,0.400000,0.006667
2026-01-11 00:00:00.000 UTC,2.0,7169,0.400000,0.006667
2026-01-11 00:00:00.000 UTC,5.0,7169,0.400000,0.006667
2026-01-12 00:00:00.000 UTC,0.02,6436,3.200000,0.053333
2026-01-12 00:00:00.000 UTC,0.05,7001,1.000000,0.016667
2026-01-12 00:00:00.000 UTC,0.1,7097,1.000000,0.016667
2026-01-12 00:00:00.000 UTC,0.25,7146,0.400000,0.006667
2026-01-12 00:00:00.000 UTC,0.5,7156,0.400000,0.006667
2026-01-12 00:00:00.000 UTC,1.0,7160,0.400000,0.006667
2026-01-12 00:00:00.000 UTC,2.0,7161,0.400000,0.006667
2026-01-12 00:00:00.000 UTC,5.0,7162,0.400000,0.006667
2026-01-13 00:00:00.000 UTC,0.02,6242,6.200000,0.103333
2026-01-13 00:00:00.000 UTC,0.05,6949,5.600000,0.093333
2026-01-13 00:00:00.000 UTC,0.1,7074,1.400000,0.023333
2026-01-13 00:00:00.000 UTC,0.25,7119,0.800000,0.013333
2026-01-13 00:00:00.000 UTC,0.5,7135,0.800000,0.013333
2026-01-13 00:00:00.000 UTC,1.0,7139,0.800000,0.013333
2026-01-13 00:00:00.000 UTC,2.0,7144,0.600000,0.010000
2026-01-13 00:00:00.000 UTC,5.0,7145,0.600000,0.010000
2026-01-14 00:00:00.000 UTC,0.02,6231,2.000000,0.033333
2026-01-14 00:00:00.000 UTC,0.05,6959,0.800000,0.013333
2026-01-14 00:00:00.000 UTC,0.1,7069,0.800000,0.013333
2026-01-14 00:00:00.000 UTC,0.25,7144,0.600000,0.010000
2026-01-14 00:00:00.000 UTC,0.5,7157,0.600000,0.010000
2026-01-14 00:00:00.000 UTC,1.0,7162,0.400000,0.006667
2026-01-14 00:00:00.000 UTC,2.0,7166,0.400000,0.006667
2026-01-14 00:00:00.000 UTC,5.0,7166,0.400000,0.006667
2026-01-15 00:00:00.000 UTC,0.02,6358,2.800000,0.046667
2026-01-15 00:00:00.000 UTC,0.05,6992,1.000000,0.016667
2026-01-15 00:00:00.000 UTC,0.1,7105,0.600000,0.010000
2026-01-15 00:00:00.000 UTC,0.25,7151,0.400000,0.006667
2026-01-15 00:00:00.000 UTC,0.5,7161,0.400000,0.006667
2026-01-15 00:00:00.000 UTC,1.0,7169,0.400000,0.006667
2026-01-15 00:00:00.000 UTC,2.0,7171,0.400000,0.006667
2026-01-15 00:00:00.000 UTC,5.0,7171,0.400000,0.006667
2026-01-16 00:00:00.000 UTC,0.02,6736,1.800000,0.030000
2026-01-16 00:00:00.000 UTC,0.05,7071,1.000000,0.016667
2026-01-16 00:00:00.000 UTC,0.1,7135,0.600000,0.010000
2026-01-16 00:00:00.000 UTC,0.25,7162,0.600000,0.010000
2026-01-16 00:00:00.000 UTC,0.5,7171,0.600000,0.010000
2026-01-16 00:00:00.000 UTC,1.0,7177,0.400000,0.006667
2026-01-16 00:00:00.000 UTC,2.0,7180,0.400000,0.006667
2026-01-16 00:00:00.000 UTC,5.0,7180,0.400000,0.006667
2026-01-17 00:00:00.000 UTC,0.02,6879,2.200000,0.036667
2026-01-17 00:00:00.000 UTC,0.05,7104,1.400000,0.023333
2026-01-17 00:00:00.000 UTC,0.1,7140,1.000000,0.016667
2026-01-17 00:00:00.000 UTC,0.25,7163,0.600000,0.010000
2026-01-17 00:00:00.000 UTC,0.5,7169,0.400000,0.006667
2026-01-17 00:00:00.000 UTC,1.0,7172,0.400000,0.006667
2026-01-17 00:00:00.000 UTC,2.0,7172,0.400000,0.006667
2026-01-17 00:00:00.000 UTC,5.0,7172,0.400000,0.006667
2026-01-18 00:00:00.000 UTC,0.02,6812,2.200000,0.036667
2026-01-18 00:00:00.000 UTC,0.05,7078,1.800000,0.030000
2026-01-18 00:00:00.000 UTC,0.1,7130,1.600000,0.026667
2026-01-18 00:00:00.000 UTC,0.25,7163,0.800000,0.013333
2026-01-18 00:00:00.000 UTC,0.5,7172,0.600000,0.010000
2026-01-18 00:00:00.000 UTC,1.0,7178,0.400000,0.006667
2026-01-18 00:00:00.000 UTC,2.0,7180,0.400000,0.006667
2026-01-18 00:00:00.000 UTC,5.0,7181,0.400000,0.006667
2026-01-19 00:00:00.000 UTC,0.02,6544,3.800000,0.063333
2026-01-19 00:00:00.000 UTC,0.05,6991,3.800000,0.063333
2026-01-19 00:00:00.000 UTC,0.1,7089,3.800000,0.063333
2026-01-19 00:00:00.000 UTC,0.25,7149,1.400000,0.023333
2026-01-19 00:00:00.000 UTC,0.5,7164,0.400000,0.006667
2026-01-19 00:00:00.000 UTC,1.0,7169,0.400000,0.006667
2026-01-19 00:00:00.000 UTC,2.0,7174,0.400000,0.006667
2026-01-19 00:00:00.000 UTC,5.0,7174,0.400000,0.006667
2026-01-20 00:00:00.000 UTC,0.02,6080,3.800000,0.063333
2026-01-20 00:00:00.000 UTC,0.05,6933,1.000000,0.016667
2026-01-20 00:00:00.000 UTC,0.1,7078,0.600000,0.010000
2026-01-20 00:00:00.000 UTC,0.25,7134,0.600000,0.010000
2026-01-20 00:00:00.000 UTC,0.5,7151,0.600000,0.010000
2026-01-20 00:00:00.000 UTC,1.0,7163,0.600000,0.010000
2026-01-20 00:00:00.000 UTC,2.0,7164,0.600000,0.010000
2026-01-20 00:00:00.000 UTC,5.0,7166,0.400000,0.006667
2026-01-21 00:00:00.000 UTC,0.02,5645,4.600000,0.076667
2026-01-21 00:00:00.000 UTC,0.05,6827,2.400000,0.040000
2026-01-21 00:00:00.000 UTC,0.1,7049,0.800000,0.013333
2026-01-21 00:00:00.000 UTC,0.25,7142,0.600000,0.010000
2026-01-21 00:00:00.000 UTC,0.5,7159,0.600000,0.010000
2026-01-21 00:00:00.000 UTC,1.0,7168,0.600000,0.010000
2026-01-21 00:00:00.000 UTC,2.0,7171,0.400000,0.006667
2026-01-21 00:00:00.000 UTC,5.0,7173,0.400000,0.006667
2026-01-22 00:00:00.000 UTC,0.02,6099,2.600000,0.043333
2026-01-22 00:00:00.000 UTC,0.05,6965,1.200000,0.020000
2026-01-22 00:00:00.000 UTC,0.1,7079,0.600000,0.010000
2026-01-22 00:00:00.000 UTC,0.25,7131,0.600000,0.010000
2026-01-22 00:00:00.000 UTC,0.5,7146,0.600000,0.010000
2026-01-22 00:00:00.000 UTC,1.0,7150,0.600000,0.010000
2026-01-22 00:00:00.000 UTC,2.0,7155,0.600000,0.010000
2026-01-22 00:00:00.000 UTC,5.0,7158,0.600000,0.010000
2026-01-23 00:00:00.000 UTC,0.02,6358,3.200000,0.053333
2026-01-23 00:00:00.000 UTC,0.05,7008,1.000000,0.016667
2026-01-23 00:00:00.000 UTC,0.1,7114,0.800000,0.013333
2026-01-23 00:00:00.000 UTC,0.25,7148,0.400000,0.006667
2026-01-23 00:00:00.000 UTC,0.5,7159,0.400000,0.006667
2026-01-23 00:00:00.000 UTC,1.0,7161,0.400000,0.006667
2026-01-23 00:00:00.000 UTC,2.0,7161,0.400000,0.006667
2026-01-23 00:00:00.000 UTC,5.0,7161,0.400000,0.006667
2026-01-24 00:00:00.000 UTC,0.02,6657,1.200000,0.020000
2026-01-24 00:00:00.000 UTC,0.05,7094,0.800000,0.013333
2026-01-24 00:00:00.000 UTC,0.1,7146,0.400000,0.006667
2026-01-24 00:00:00.000 UTC,0.25,7163,0.400000,0.006667
2026-01-24 00:00:00.000 UTC,0.5,7170,0.400000,0.006667
2026-01-24 00:00:00.000 UTC,1.0,7172,0.400000,0.006667
2026-01-24 00:00:00.000 UTC,2.0,7172,0.400000,0.006667
2026-01-24 00:00:00.000 UTC,5.0,7172,0.400000,0.006667
2026-01-25 00:00:00.000 UTC,0.02,6245,2.383333,0.039722
2026-01-25 00:00:00.000 UTC,0.05,6966,1.200000,0.020000
2026-01-25 00:00:00.000 UTC,0.1,7089,0.800000,0.013333
2026-01-25 00:00:00.000 UTC,0.25,7147,0.600000,0.010000
2026-01-25 00:00:00.000 UTC,0.5,7165,0.400000,0.006667
2026-01-25 00:00:00.000 UTC,1.0,7168,0.400000,0.006667
2026-01-25 00:00:00.000 UTC,2.0,7172,0.400000,0.006667
2026-01-25 00:00:00.000 UTC,5.0,7173,0.400000,0.006667
2026-01-26 00:00:00.000 UTC,0.02,6056,8.600000,0.143333
2026-01-26 00:00:00.000 UTC,0.05,6894,2.600000,0.043333
2026-01-26 00:00:00.000 UTC,0.1,7058,1.200000,0.020000
2026-01-26 00:00:00.000 UTC,0.25,7135,0.600000,0.010000
2026-01-26 00:00:00.000 UTC,0.5,7151,0.600000,0.010000
2026-01-26 00:00:00.000 UTC,1.0,7164,0.400000,0.006667
2026-01-26 00:00:00.000 UTC,2.0,7169,0.400000,0.006667
2026-01-26 00:00:00.000 UTC,5.0,7170,0.400000,0.006667
2026-01-27 00:00:00.000 UTC,0.02,6361,1.800000,0.030000
2026-01-27 00:00:00.000 UTC,0.05,7044,0.600000,0.010000
2026-01-27 00:00:00.000 UTC,0.1,7123,0.600000,0.010000
2026-01-27 00:00:00.000 UTC,0.25,7154,0.600000,0.010000
2026-01-27 00:00:00.000 UTC,0.5,7160,0.600000,0.010000
2026-01-27 00:00:00.000 UTC,1.0,7167,0.400000,0.006667
2026-01-27 00:00:00.000 UTC,2.0,7170,0.400000,0.006667
2026-01-27 00:00:00.000 UTC,5.0,7170,0.400000,0.006667
2026-01-28 00:00:00.000 UTC,0.02,6310,1.600000,0.026667
2026-01-28 00:00:00.000 UTC,0.05,6994,1.600000,0.026667
2026-01-28 00:00:00.000 UTC,0.1,7089,1.600000,0.026667
2026-01-28 00:00:00.000 UTC,0.25,7157,0.600000,0.010000
2026-01-28 00:00:00.000 UTC,0.5,7168,0.400000,0.006667
2026-01-28 00:00:00.000 UTC,1.0,7171,0.400000,0.006667
2026-01-28 00:00:00.000 UTC,2.0,7171,0.400000,0.006667
2026-01-28 00:00:00.000 UTC,5.0,7172,0.400000,0.006667
2026-01-29 00:00:00.000 UTC,0.02,5649,7.400000,0.123333
2026-01-29 00:00:00.000 UTC,0.05,6729,1.800000,0.030000
2026-01-29 00:00:00.000 UTC,0.1,7018,1.000000,0.016667
2026-01-29 00:00:00.000 UTC,0.25,7127,0.600000,0.010000
2026-01-29 00:00:00.000 UTC,0.5,7152,0.600000,0.010000
2026-01-29 00:00:00.000 UTC,1.0,7161,0.400000,0.006667
2026-01-29 00:00:00.000 UTC,2.0,7165,0.400000,0.006667
2026-01-29 00:00:00.000 UTC,5.0,7169,0.400000,0.006667
2026-01-30 00:00:00.000 UTC,0.02,4839,20.800000,0.346667
2026-01-30 00:00:00.000 UTC,0.05,6441,7.600000,0.126667
2026-01-30 00:00:00.000 UTC,0.1,6918,2.000000,0.033333
2026-01-30 00:00:00.000 UTC,0.25,7094,1.200000,0.020000
2026-01-30 00:00:00.000 UTC,0.5,7136,0.600000,0.010000
2026-01-30 00:00:00.000 UTC,1.0,7157,0.400000,0.006667
2026-01-30 00:00:00.000 UTC,2.0,7167,0.400000,0.006667
2026-01-30 00:00:00.000 UTC,5.0,7172,0.400000,0.006667
2026-01-31 00:00:00.000 UTC,0.02,5026,9.400000,0.156667
2026-01-31 00:00:00.000 UTC,0.05,6299,4.800000,0.080000
2026-01-31 00:00:00.000 UTC,0.1,6785,2.400000,0.040000
2026-01-31 00:00:00.000 UTC,0.25,7020,1.600000,0.026667
2026-01-31 00:00:00.000 UTC,0.5,7093,1.200000,0.020000
2026-01-31 00:00:00.000 UTC,1.0,7119,1.000000,0.016667
2026-01-31 00:00:00.000 UTC,2.0,7142,0.800000,0.013333
2026-01-31 00:00:00.000 UTC,5.0,7151,0.600000,0.010000
2026-02-01 00:00:00.000 UTC,0.02,5388,11.200000,0.186667
2026-02-01 00:00:00.000 UTC,0.05,6644,5.600000,0.093333
2026-02-01 00:00:00.000 UTC,0.1,6922,2.200000,0.036667
2026-02-01 00:00:00.000 UTC,0.25,7093,0.800000,0.013333
2026-02-01 00:00:00.000 UTC,0.5,7133,0.600000,0.010000
2026-02-01 00:00:00.000 UTC,1.0,7150,0.600000,0.010000
2026-02-01 00:00:00.000 UTC,2.0,7156,0.400000,0.006667
2026-02-01 00:00:00.000 UTC,5.0,7158,0.400000,0.006667
2026-02-02 00:00:00.000 UTC,0.02,4336,11.800000,0.196667
2026-02-02 00:00:00.000 UTC,0.05,6304,3.600000,0.060000
2026-02-02 00:00:00.000 UTC,0.1,6845,2.200000,0.036667
2026-02-02 00:00:00.000 UTC,0.25,7076,1.200000,0.020000
2026-02-02 00:00:00.000 UTC,0.5,7125,0.600000,0.010000
2026-02-02 00:00:00.000 UTC,1.0,7147,0.400000,0.006667
2026-02-02 00:00:00.000 UTC,2.0,7154,0.400000,0.006667
2026-02-02 00:00:00.000 UTC,5.0,7157,0.400000,0.006667
2026-02-03 00:00:00.000 UTC,0.02,5005,7.800000,0.130000
2026-02-03 00:00:00.000 UTC,0.05,6451,4.800000,0.080000
2026-02-03 00:00:00.000 UTC,0.1,6858,1.800000,0.030000
2026-02-03 00:00:00.000 UTC,0.25,7048,1.800000,0.030000
2026-02-03 00:00:00.000 UTC,0.5,7096,1.200000,0.020000
2026-02-03 00:00:00.000 UTC,1.0,7123,1.000000,0.016667
2026-02-03 00:00:00.000 UTC,2.0,7139,0.800000,0.013333
2026-02-03 00:00:00.000 UTC,5.0,7144,0.800000,0.013333
2026-02-04 00:00:00.000 UTC,0.02,4709,6.400000,0.106667
2026-02-04 00:00:00.000 UTC,0.05,6067,3.400000,0.056667
2026-02-04 00:00:00.000 UTC,0.1,6647,1.400000,0.023333
2026-02-04 00:00:00.000 UTC,0.25,6991,1.000000,0.016667
2026-02-04 00:00:00.000 UTC,0.5,7087,0.800000,0.013333
2026-02-04 00:00:00.000 UTC,1.0,7126,0.800000,0.013333
2026-02-04 00:00:00.000 UTC,2.0,7143,0.600000,0.010000
2026-02-04 00:00:00.000 UTC,5.0,7150,0.400000,0.006667
2026-02-05 00:00:00.000 UTC,0.02,2515,35.400000,0.590000
2026-02-05 00:00:00.000 UTC,0.05,4635,10.600000,0.176667
2026-02-05 00:00:00.000 UTC,0.1,5820,5.000000,0.083333
2026-02-05 00:00:00.000 UTC,0.25,6610,2.000000,0.033333
2026-02-05 00:00:00.000 UTC,0.5,6872,1.200000,0.020000
2026-02-05 00:00:00.000 UTC,1.0,7009,0.800000,0.013333
2026-02-05 00:00:00.000 UTC,2.0,7089,0.600000,0.010000
2026-02-05 00:00:00.000 UTC,5.0,7122,0.600000,0.010000
2026-02-06 00:00:00.000 UTC,0.02,3533,16.600000,0.276667
2026-02-06 00:00:00.000 UTC,0.05,5642,5.000000,0.083333
2026-02-06 00:00:00.000 UTC,0.1,6398,3.000000,0.050000
2026-02-06 00:00:00.000 UTC,0.25,6893,3.000000,0.050000
2026-02-06 00:00:00.000 UTC,0.5,7040,1.400000,0.023333
2026-02-06 00:00:00.000 UTC,1.0,7108,0.800000,0.013333
2026-02-06 00:00:00.000 UTC,2.0,7140,0.600000,0.010000
2026-02-06 00:00:00.000 UTC,5.0,7156,0.400000,0.006667
2026-02-07 00:00:00.000 UTC,0.02,5545,6.400000,0.106667
2026-02-07 00:00:00.000 UTC,0.05,6537,3.600000,0.060000
2026-02-07 00:00:00.000 UTC,0.1,6905,2.800000,0.046667
2026-02-07 00:00:00.000 UTC,0.25,7071,2.400000,0.040000
2026-02-07 00:00:00.000 UTC,0.5,7110,1.800000,0.030000
2026-02-07 00:00:00.000 UTC,1.0,7135,0.800000,0.013333
2026-02-07 00:00:00.000 UTC,2.0,7145,0.800000,0.013333
2026-02-07 00:00:00.000 UTC,5.0,7156,0.800000,0.013333
2026-02-08 00:00:00.000 UTC,0.02,6258,2.800000,0.046667
2026-02-08 00:00:00.000 UTC,0.05,6815,1.200000,0.020000
2026-02-08 00:00:00.000 UTC,0.1,6950,1.200000,0.020000
2026-02-08 00:00:00.000 UTC,0.25,7048,0.600000,0.010000
2026-02-08 00:00:00.000 UTC,0.5,7079,0.600000,0.010000
2026-02-08 00:00:00.000 UTC,1.0,7092,0.600000,0.010000
2026-02-08 00:00:00.000 UTC,2.0,7108,0.600000,0.010000
2026-02-08 00:00:00.000 UTC,5.0,7109,0.600000,0.010000
2026-02-09 00:00:00.000 UTC,0.02,5817,3.600000,0.060000
2026-02-09 00:00:00.000 UTC,0.05,6790,1.400000,0.023333
2026-02-09 00:00:00.000 UTC,0.1,6990,1.200000,0.020000
2026-02-09 00:00:00.000 UTC,0.25,7104,0.600000,0.010000
2026-02-09 00:00:00.000 UTC,0.5,7144,0.600000,0.010000
2026-02-09 00:00:00.000 UTC,1.0,7151,0.600000,0.010000
2026-02-09 00:00:00.000 UTC,2.0,7154,0.600000,0.010000
2026-02-09 00:00:00.000 UTC,5.0,7159,0.400000,0.006667
2026-02-10 00:00:00.000 UTC,0.02,6013,2.400000,0.040000
2026-02-10 00:00:00.000 UTC,0.05,6849,1.000000,0.016667
2026-02-10 00:00:00.000 UTC,0.1,7038,0.600000,0.010000
2026-02-10 00:00:00.000 UTC,0.25,7122,0.600000,0.010000
2026-02-10 00:00:00.000 UTC,0.5,7139,0.600000,0.010000
2026-02-10 00:00:00.000 UTC,1.0,7150,0.600000,0.010000
2026-02-10 00:00:00.000 UTC,2.0,7154,0.600000,0.010000
2026-02-10 00:00:00.000 UTC,5.0,7156,0.600000,0.010000
2026-02-11 00:00:00.000 UTC,0.02,5359,14.200000,0.236667
2026-02-11 00:00:00.000 UTC,0.05,6560,3.200000,0.053333
2026-02-11 00:00:00.000 UTC,0.1,6886,2.200000,0.036667
2026-02-11 00:00:00.000 UTC,0.25,7050,0.800000,0.013333
2026-02-11 00:00:00.000 UTC,0.5,7112,0.600000,0.010000
2026-02-11 00:00:00.000 UTC,1.0,7138,0.600000,0.010000
2026-02-11 00:00:00.000 UTC,2.0,7150,0.600000,0.010000
2026-02-11 00:00:00.000 UTC,5.0,7156,0.600000,0.010000
2026-02-12 00:00:00.000 UTC,0.02,5346,10.000000,0.166667
2026-02-12 00:00:00.000 UTC,0.05,6718,2.200000,0.036667
2026-02-12 00:00:00.000 UTC,0.1,7018,1.200000,0.020000
2026-02-12 00:00:00.000 UTC,0.25,7132,0.600000,0.010000
2026-02-12 00:00:00.000 UTC,0.5,7153,0.400000,0.006667
2026-02-12 00:00:00.000 UTC,1.0,7160,0.400000,0.006667
2026-02-12 00:00:00.000 UTC,2.0,7164,0.400000,0.006667
2026-02-12 00:00:00.000 UTC,5.0,7167,0.400000,0.006667
2026-02-13 00:00:00.000 UTC,0.02,6055,2.800000,0.046667
2026-02-13 00:00:00.000 UTC,0.05,6862,1.000000,0.016667
2026-02-13 00:00:00.000 UTC,0.1,7035,0.600000,0.010000
2026-02-13 00:00:00.000 UTC,0.25,7122,0.600000,0.010000
2026-02-13 00:00:00.000 UTC,0.5,7148,0.400000,0.006667
2026-02-13 00:00:00.000 UTC,1.0,7158,0.400000,0.006667
2026-02-13 00:00:00.000 UTC,2.0,7162,0.400000,0.006667
2026-02-13 00:00:00.000 UTC,5.0,7164,0.400000,0.006667
2026-02-14 00:00:00.000 UTC,0.02,6527,4.000000,0.066667
2026-02-14 00:00:00.000 UTC,0.05,7032,1.000000,0.016667
2026-02-14 00:00:00.000 UTC,0.1,7115,0.600000,0.010000
2026-02-14 00:00:00.000 UTC,0.25,7156,0.400000,0.006667
2026-02-14 00:00:00.000 UTC,0.5,7168,0.400000,0.006667
2026-02-14 00:00:00.000 UTC,1.0,7171,0.400000,0.006667
2026-02-14 00:00:00.000 UTC,2.0,7172,0.400000,0.006667
2026-02-14 00:00:00.000 UTC,5.0,7172,0.400000,0.006667
2026-02-15 00:00:00.000 UTC,0.02,6326,3.400000,0.056667
2026-02-15 00:00:00.000 UTC,0.05,6916,2.000000,0.033333
2026-02-15 00:00:00.000 UTC,0.1,7051,1.200000,0.020000
2026-02-15 00:00:00.000 UTC,0.25,7133,0.800000,0.013333
2026-02-15 00:00:00.000 UTC,0.5,7162,0.400000,0.006667
2026-02-15 00:00:00.000 UTC,1.0,7169,0.400000,0.006667
2026-02-15 00:00:00.000 UTC,2.0,7173,0.400000,0.006667
2026-02-15 00:00:00.000 UTC,5.0,7177,0.400000,0.006667
2026-02-16 00:00:00.000 UTC,0.02,6222,2.600000,0.043333
2026-02-16 00:00:00.000 UTC,0.05,6887,1.200000,0.020000
2026-02-16 00:00:00.000 UTC,0.1,7054,0.800000,0.013333
2026-02-16 00:00:00.000 UTC,0.25,7135,0.600000,0.010000
2026-02-16 00:00:00.000 UTC,0.5,7153,0.400000,0.006667
2026-02-16 00:00:00.000 UTC,1.0,7165,0.400000,0.006667
2026-02-16 00:00:00.000 UTC,2.0,7170,0.400000,0.006667
2026-02-16 00:00:00.000 UTC,5.0,7172,0.400000,0.006667
2026-02-17 00:00:00.000 UTC,0.02,5612,4.600000,0.076667
2026-02-17 00:00:00.000 UTC,0.05,6735,1.600000,0.026667
2026-02-17 00:00:00.000 UTC,0.1,6995,1.400000,0.023333
2026-02-17 00:00:00.000 UTC,0.25,7108,0.800000,0.013333
2026-02-17 00:00:00.000 UTC,0.5,7148,0.600000,0.010000
2026-02-17 00:00:00.000 UTC,1.0,7163,0.400000,0.006667
2026-02-17 00:00:00.000 UTC,2.0,7168,0.400000,0.006667
2026-02-17 00:00:00.000 UTC,5.0,7169,0.400000,0.006667
2026-02-18 00:00:00.000 UTC,0.02,5811,3.600000,0.060000
2026-02-18 00:00:00.000 UTC,0.05,6841,1.600000,0.026667
2026-02-18 00:00:00.000 UTC,0.1,7048,0.800000,0.013333
2026-02-18 00:00:00.000 UTC,0.25,7139,0.600000,0.010000
2026-02-18 00:00:00.000 UTC,0.5,7155,0.400000,0.006667
2026-02-18 00:00:00.000 UTC,1.0,7166,0.400000,0.006667
2026-02-18 00:00:00.000 UTC,2.0,7170,0.400000,0.006667
2026-02-18 00:00:00.000 UTC,5.0,7172,0.400000,0.006667
2026-02-19 00:00:00.000 UTC,0.02,5835,2.200000,0.036667
2026-02-19 00:00:00.000 UTC,0.05,6841,1.600000,0.026667
2026-02-19 00:00:00.000 UTC,0.1,7037,0.800000,0.013333
2026-02-19 00:00:00.000 UTC,0.25,7135,0.600000,0.010000
2026-02-19 00:00:00.000 UTC,0.5,7160,0.400000,0.006667
2026-02-19 00:00:00.000 UTC,1.0,7165,0.400000,0.006667
2026-02-19 00:00:00.000 UTC,2.0,7167,0.400000,0.006667
2026-02-19 00:00:00.000 UTC,5.0,7168,0.400000,0.006667
2026-02-20 00:00:00.000 UTC,0.02,5700,4.200000,0.070000
2026-02-20 00:00:00.000 UTC,0.05,6827,2.000000,0.033333
2026-02-20 00:00:00.000 UTC,0.1,7036,1.400000,0.023333
2026-02-20 00:00:00.000 UTC,0.25,7134,1.000000,0.016667
2026-02-20 00:00:00.000 UTC,0.5,7160,1.000000,0.016667
2026-02-20 00:00:00.000 UTC,1.0,7168,0.600000,0.010000
2026-02-20 00:00:00.000 UTC,2.0,7174,0.400000,0.006667
2026-02-20 00:00:00.000 UTC,5.0,7176,0.400000,0.006667
2026-02-21 00:00:00.000 UTC,0.02,6589,2.000000,0.033333
2026-02-21 00:00:00.000 UTC,0.05,7063,0.800000,0.013333
2026-02-21 00:00:00.000 UTC,0.1,7135,0.800000,0.013333
2026-02-21 00:00:00.000 UTC,0.25,7161,0.600000,0.010000
2026-02-21 00:00:00.000 UTC,0.5,7165,0.600000,0.010000
2026-02-21 00:00:00.000 UTC,1.0,7169,0.400000,0.006667
2026-02-21 00:00:00.000 UTC,2.0,7169,0.400000,0.006667
2026-02-21 00:00:00.000 UTC,5.0,7169,0.400000,0.006667
2026-02-22 00:00:00.000 UTC,0.02,6664,1.800000,0.030000
2026-02-22 00:00:00.000 UTC,0.05,7077,0.800000,0.013333
2026-02-22 00:00:00.000 UTC,0.1,7144,0.800000,0.013333
2026-02-22 00:00:00.000 UTC,0.25,7166,0.400000,0.006667
2026-02-22 00:00:00.000 UTC,0.5,7171,0.400000,0.006667
2026-02-22 00:00:00.000 UTC,1.0,7175,0.400000,0.006667
2026-02-22 00:00:00.000 UTC,2.0,7176,0.400000,0.006667
2026-02-22 00:00:00.000 UTC,5.0,7178,0.400000,0.006667
2026-02-23 00:00:00.000 UTC,0.02,5839,3.800000,0.063333
2026-02-23 00:00:00.000 UTC,0.05,6797,1.400000,0.023333
2026-02-23 00:00:00.000 UTC,0.1,7013,1.000000,0.016667
2026-02-23 00:00:00.000 UTC,0.25,7130,0.600000,0.010000
2026-02-23 00:00:00.000 UTC,0.5,7154,0.600000,0.010000
2026-02-23 00:00:00.000 UTC,1.0,7165,0.600000,0.010000
2026-02-23 00:00:00.000 UTC,2.0,7168,0.400000,0.006667
2026-02-23 00:00:00.000 UTC,5.0,7170,0.400000,0.006667
2026-02-24 00:00:00.000 UTC,0.02,5799,4.000000,0.066667
2026-02-24 00:00:00.000 UTC,0.05,6889,1.600000,0.026667
2026-02-24 00:00:00.000 UTC,0.1,7059,0.600000,0.010000
2026-02-24 00:00:00.000 UTC,0.25,7128,0.600000,0.010000
2026-02-24 00:00:00.000 UTC,0.5,7157,0.600000,0.010000
2026-02-24 00:00:00.000 UTC,1.0,7168,0.400000,0.006667
2026-02-24 00:00:00.000 UTC,2.0,7170,0.400000,0.006667
2026-02-24 00:00:00.000 UTC,5.0,7171,0.400000,0.006667
2026-02-25 00:00:00.000 UTC,0.02,5136,6.400000,0.106667
2026-02-25 00:00:00.000 UTC,0.05,6601,2.200000,0.036667
2026-02-25 00:00:00.000 UTC,0.1,6922,1.600000,0.026667
2026-02-25 00:00:00.000 UTC,0.25,7092,0.600000,0.010000
2026-02-25 00:00:00.000 UTC,0.5,7130,0.600000,0.010000
2026-02-25 00:00:00.000 UTC,1.0,7145,0.600000,0.010000
2026-02-25 00:00:00.000 UTC,2.0,7154,0.400000,0.006667
2026-02-25 00:00:00.000 UTC,5.0,7160,0.400000,0.006667
2026-02-26 00:00:00.000 UTC,0.02,5458,6.000000,0.100000
2026-02-26 00:00:00.000 UTC,0.05,6685,1.200000,0.020000
2026-02-26 00:00:00.000 UTC,0.1,6968,0.600000,0.010000
2026-02-26 00:00:00.000 UTC,0.25,7112,0.600000,0.010000
2026-02-26 00:00:00.000 UTC,0.5,7147,0.600000,0.010000
2026-02-26 00:00:00.000 UTC,1.0,7165,0.400000,0.006667
2026-02-26 00:00:00.000 UTC,2.0,7171,0.400000,0.006667
2026-02-26 00:00:00.000 UTC,5.0,7173,0.400000,0.006667
2026-02-27 00:00:00.000 UTC,0.02,5566,2.400000,0.040000
2026-02-27 00:00:00.000 UTC,0.05,6732,1.200000,0.020000
2026-02-27 00:00:00.000 UTC,0.1,7003,0.800000,0.013333
2026-02-27 00:00:00.000 UTC,0.25,7125,0.600000,0.010000
2026-02-27 00:00:00.000 UTC,0.5,7158,0.600000,0.010000
2026-02-27 00:00:00.000 UTC,1.0,7169,0.400000,0.006667
2026-02-27 00:00:00.000 UTC,2.0,7171,0.400000,0.006667
2026-02-27 00:00:00.000 UTC,5.0,7172,0.400000,0.006667
2026-02-28 00:00:00.000 UTC,0.02,5694,3.800000,0.063333
2026-02-28 00:00:00.000 UTC,0.05,6676,1.200000,0.020000
2026-02-28 00:00:00.000 UTC,0.1,6946,0.800000,0.013333
2026-02-28 00:00:00.000 UTC,0.25,7090,0.600000,0.010000
2026-02-28 00:00:00.000 UTC,0.5,7129,0.600000,0.010000
2026-02-28 00:00:00.000 UTC,1.0,7147,0.400000,0.006667
2026-02-28 00:00:00.000 UTC,2.0,7154,0.400000,0.006667
2026-02-28 00:00:00.000 UTC,5.0,7155,0.400000,0.006667
2026-03-01 00:00:00.000 UTC,0.02,5944,4.200000,0.070000
2026-03-01 00:00:00.000 UTC,0.05,6707,2.000000,0.033333
2026-03-01 00:00:00.000 UTC,0.1,6932,1.800000,0.030000
2026-03-01 00:00:00.000 UTC,0.25,7093,0.800000,0.013333
2026-03-01 00:00:00.000 UTC,0.5,7149,0.600000,0.010000
2026-03-01 00:00:00.000 UTC,1.0,7165,0.400000,0.006667
2026-03-01 00:00:00.000 UTC,2.0,7172,0.400000,0.006667
2026-03-01 00:00:00.000 UTC,5.0,7176,0.400000,0.006667
2026-03-02 00:00:00.000 UTC,0.02,5354,5.000000,0.083333
2026-03-02 00:00:00.000 UTC,0.05,6548,1.600000,0.026667
2026-03-02 00:00:00.000 UTC,0.1,6873,1.000000,0.016667
2026-03-02 00:00:00.000 UTC,0.25,7077,0.600000,0.010000
2026-03-02 00:00:00.000 UTC,0.5,7137,0.400000,0.006667
2026-03-02 00:00:00.000 UTC,1.0,7152,0.400000,0.006667
2026-03-02 00:00:00.000 UTC,2.0,7158,0.400000,0.006667
2026-03-02 00:00:00.000 UTC,5.0,7160,0.400000,0.006667
2026-03-03 00:00:00.000 UTC,0.02,5309,4.000000,0.066667
2026-03-03 00:00:00.000 UTC,0.05,6538,2.600000,0.043333
2026-03-03 00:00:00.000 UTC,0.1,6876,2.200000,0.036667
2026-03-03 00:00:00.000 UTC,0.25,7093,0.600000,0.010000
2026-03-03 00:00:00.000 UTC,0.5,7135,0.600000,0.010000
2026-03-03 00:00:00.000 UTC,1.0,7157,0.400000,0.006667
2026-03-03 00:00:00.000 UTC,2.0,7167,0.400000,0.006667
2026-03-03 00:00:00.000 UTC,5.0,7169,0.400000,0.006667
2026-03-04 00:00:00.000 UTC,0.02,4941,6.400000,0.106667
2026-03-04 00:00:00.000 UTC,0.05,6471,2.400000,0.040000
2026-03-04 00:00:00.000 UTC,0.1,6870,1.200000,0.020000
2026-03-04 00:00:00.000 UTC,0.25,7070,0.800000,0.013333
2026-03-04 00:00:00.000 UTC,0.5,7122,0.600000,0.010000
2026-03-04 00:00:00.000 UTC,1.0,7147,0.600000,0.010000
2026-03-04 00:00:00.000 UTC,2.0,7154,0.400000,0.006667
2026-03-04 00:00:00.000 UTC,5.0,7161,0.400000,0.006667
2026-03-05 00:00:00.000 UTC,0.02,5657,4.000000,0.066667
2026-03-05 00:00:00.000 UTC,0.05,6784,1.400000,0.023333
2026-03-05 00:00:00.000 UTC,0.1,7002,0.800000,0.013333
2026-03-05 00:00:00.000 UTC,0.25,7112,0.800000,0.013333
2026-03-05 00:00:00.000 UTC,0.5,7151,0.400000,0.006667
2026-03-05 00:00:00.000 UTC,1.0,7163,0.400000,0.006667
2026-03-05 00:00:00.000 UTC,2.0,7168,0.400000,0.006667
2026-03-05 00:00:00.000 UTC,5.0,7170,0.400000,0.006667
2026-03-06 00:00:00.000 UTC,0.02,5868,3.800000,0.063333
2026-03-06 00:00:00.000 UTC,0.05,6773,1.200000,0.020000
2026-03-06 00:00:00.000 UTC,0.1,6979,0.800000,0.013333
2026-03-06 00:00:00.000 UTC,0.25,7105,0.600000,0.010000
2026-03-06 00:00:00.000 UTC,0.5,7132,0.400000,0.006667
2026-03-06 00:00:00.000 UTC,1.0,7141,0.400000,0.006667
2026-03-06 00:00:00.000 UTC,2.0,7145,0.400000,0.006667
2026-03-06 00:00:00.000 UTC,5.0,7148,0.400000,0.006667
2026-03-07 00:00:00.000 UTC,0.02,6637,1.400000,0.023333
2026-03-07 00:00:00.000 UTC,0.05,7047,0.800000,0.013333
2026-03-07 00:00:00.000 UTC,0.1,7103,0.600000,0.010000
2026-03-07 00:00:00.000 UTC,0.25,7143,0.600000,0.010000
2026-03-07 00:00:00.000 UTC,0.5,7151,0.400000,0.006667
2026-03-07 00:00:00.000 UTC,1.0,7158,0.400000,0.006667
2026-03-07 00:00:00.000 UTC,2.0,7159,0.400000,0.006667
2026-03-07 00:00:00.000 UTC,5.0,7159,0.400000,0.006667
2026-03-08 00:00:00.000 UTC,0.02,6607,2.600000,0.043333
2026-03-08 00:00:00.000 UTC,0.05,7008,1.400000,0.023333
2026-03-08 00:00:00.000 UTC,0.1,7094,1.400000,0.023333
2026-03-08 00:00:00.000 UTC,0.25,7134,1.400000,0.023333
2026-03-08 00:00:00.000 UTC,0.5,7151,1.000000,0.016667
2026-03-08 00:00:00.000 UTC,1.0,7165,0.600000,0.010000
2026-03-08 00:00:00.000 UTC,2.0,7169,0.400000,0.006667
2026-03-08 00:00:00.000 UTC,5.0,7172,0.400000,0.006667
2026-03-09 00:00:00.000 UTC,0.02,6103,2.200000,0.036667
2026-03-09 00:00:00.000 UTC,0.05,6837,1.600000,0.026667
2026-03-09 00:00:00.000 UTC,0.1,7021,0.800000,0.013333
2026-03-09 00:00:00.000 UTC,0.25,7116,0.600000,0.010000
2026-03-09 00:00:00.000 UTC,0.5,7146,0.600000,0.010000
2026-03-09 00:00:00.000 UTC,1.0,7154,0.600000,0.010000
2026-03-09 00:00:00.000 UTC,2.0,7161,0.600000,0.010000
2026-03-09 00:00:00.000 UTC,5.0,7165,0.600000,0.010000
2026-03-10 00:00:00.000 UTC,0.02,6091,3.600000,0.060000
2026-03-10 00:00:00.000 UTC,0.05,6848,1.200000,0.020000
2026-03-10 00:00:00.000 UTC,0.1,7022,1.000000,0.016667
2026-03-10 00:00:00.000 UTC,0.25,7116,0.600000,0.010000
2026-03-10 00:00:00.000 UTC,0.5,7135,0.600000,0.010000
2026-03-10 00:00:00.000 UTC,1.0,7148,0.600000,0.010000
2026-03-10 00:00:00.000 UTC,2.0,7150,0.600000,0.010000
2026-03-10 00:00:00.000 UTC,5.0,7151,0.600000,0.010000
2026-03-11 00:00:00.000 UTC,0.02,6137,3.800000,0.063333
2026-03-11 00:00:00.000 UTC,0.05,6865,1.000000,0.016667
2026-03-11 00:00:00.000 UTC,0.1,7016,1.000000,0.016667
2026-03-11 00:00:00.000 UTC,0.25,7116,0.600000,0.010000
2026-03-11 00:00:00.000 UTC,0.5,7136,0.600000,0.010000
2026-03-11 00:00:00.000 UTC,1.0,7153,0.400000,0.006667
2026-03-11 00:00:00.000 UTC,2.0,7155,0.400000,0.006667
2026-03-11 00:00:00.000 UTC,5.0,7156,0.400000,0.006667
2026-03-12 00:00:00.000 UTC,0.02,5963,5.400000,0.090000
2026-03-12 00:00:00.000 UTC,0.05,6850,3.200000,0.053333
2026-03-12 00:00:00.000 UTC,0.1,7000,1.600000,0.026667
2026-03-12 00:00:00.000 UTC,0.25,7097,1.200000,0.020000
2026-03-12 00:00:00.000 UTC,0.5,7129,1.000000,0.016667
2026-03-12 00:00:00.000 UTC,1.0,7145,1.000000,0.016667
2026-03-12 00:00:00.000 UTC,2.0,7153,1.000000,0.016667
2026-03-12 00:00:00.000 UTC,5.0,7155,1.000000,0.016667
2026-03-13 00:00:00.000 UTC,0.02,5669,7.200000,0.120000
2026-03-13 00:00:00.000 UTC,0.05,6760,2.000000,0.033333
2026-03-13 00:00:00.000 UTC,0.1,7014,0.800000,0.013333
2026-03-13 00:00:00.000 UTC,0.25,7115,0.600000,0.010000
2026-03-13 00:00:00.000 UTC,0.5,7149,0.600000,0.010000
2026-03-13 00:00:00.000 UTC,1.0,7161,0.600000,0.010000
2026-03-13 00:00:00.000 UTC,2.0,7167,0.600000,0.010000
2026-03-13 00:00:00.000 UTC,5.0,7171,0.600000,0.010000
2026-03-14 00:00:00.000 UTC,0.02,6804,1.200000,0.020000
2026-03-14 00:00:00.000 UTC,0.05,7104,0.600000,0.010000
2026-03-14 00:00:00.000 UTC,0.1,7136,0.600000,0.010000
2026-03-14 00:00:00.000 UTC,0.25,7160,0.600000,0.010000
2026-03-14 00:00:00.000 UTC,0.5,7167,0.400000,0.006667
2026-03-14 00:00:00.000 UTC,1.0,7168,0.400000,0.006667
2026-03-14 00:00:00.000 UTC,2.0,7170,0.400000,0.006667
2026-03-14 00:00:00.000 UTC,5.0,7170,0.400000,0.006667
2026-03-15 00:00:00.000 UTC,0.02,6678,1.800000,0.030000
2026-03-15 00:00:00.000 UTC,0.05,7024,1.000000,0.016667
2026-03-15 00:00:00.000 UTC,0.1,7104,0.800000,0.013333
2026-03-15 00:00:00.000 UTC,0.25,7149,0.600000,0.010000
2026-03-15 00:00:00.000 UTC,0.5,7165,0.600000,0.010000
2026-03-15 00:00:00.000 UTC,1.0,7171,0.600000,0.010000
2026-03-15 00:00:00.000 UTC,2.0,7174,0.400000,0.006667
2026-03-15 00:00:00.000 UTC,5.0,7175,0.400000,0.006667
2026-03-16 00:00:00.000 UTC,0.02,5748,3.200000,0.053333
2026-03-16 00:00:00.000 UTC,0.05,6842,2.200000,0.036667
2026-03-16 00:00:00.000 UTC,0.1,7016,0.800000,0.013333
2026-03-16 00:00:00.000 UTC,0.25,7115,0.600000,0.010000
2026-03-16 00:00:00.000 UTC,0.5,7139,0.400000,0.006667
2026-03-16 00:00:00.000 UTC,1.0,7152,0.400000,0.006667
2026-03-16 00:00:00.000 UTC,2.0,7156,0.400000,0.006667
2026-03-16 00:00:00.000 UTC,5.0,7158,0.400000,0.006667
2026-03-17 00:00:00.000 UTC,0.02,6195,1.800000,0.030000
2026-03-17 00:00:00.000 UTC,0.05,6939,1.000000,0.016667
2026-03-17 00:00:00.000 UTC,0.1,7071,0.800000,0.013333
2026-03-17 00:00:00.000 UTC,0.25,7124,0.800000,0.013333
2026-03-17 00:00:00.000 UTC,0.5,7142,0.400000,0.006667
2026-03-17 00:00:00.000 UTC,1.0,7146,0.400000,0.006667
2026-03-17 00:00:00.000 UTC,2.0,7148,0.400000,0.006667
2026-03-17 00:00:00.000 UTC,5.0,7148,0.400000,0.006667
2026-03-18 00:00:00.000 UTC,0.02,6237,3.200000,0.053333
2026-03-18 00:00:00.000 UTC,0.05,6972,1.000000,0.016667
2026-03-18 00:00:00.000 UTC,0.1,7079,0.600000,0.010000
2026-03-18 00:00:00.000 UTC,0.25,7138,0.600000,0.010000
2026-03-18 00:00:00.000 UTC,0.5,7154,0.400000,0.006667
2026-03-18 00:00:00.000 UTC,1.0,7157,0.400000,0.006667
2026-03-18 00:00:00.000 UTC,2.0,7161,0.400000,0.006667
2026-03-18 00:00:00.000 UTC,5.0,7163,0.400000,0.006667
2026-03-19 00:00:00.000 UTC,0.02,6061,3.000000,0.050000
2026-03-19 00:00:00.000 UTC,0.05,6928,1.000000,0.016667
2026-03-19 00:00:00.000 UTC,0.1,7075,0.600000,0.010000
2026-03-19 00:00:00.000 UTC,0.25,7143,0.600000,0.010000
2026-03-19 00:00:00.000 UTC,0.5,7161,0.600000,0.010000
2026-03-19 00:00:00.000 UTC,1.0,7171,0.400000,0.006667
2026-03-19 00:00:00.000 UTC,2.0,7173,0.400000,0.006667
2026-03-19 00:00:00.000 UTC,5.0,7174,0.400000,0.006667
2026-03-20 00:00:00.000 UTC,0.02,6402,2.400000,0.040000
2026-03-20 00:00:00.000 UTC,0.05,6967,1.200000,0.020000
2026-03-20 00:00:00.000 UTC,0.1,7090,0.800000,0.013333
2026-03-20 00:00:00.000 UTC,0.25,7150,0.600000,0.010000
2026-03-20 00:00:00.000 UTC,0.5,7162,0.600000,0.010000
2026-03-20 00:00:00.000 UTC,1.0,7170,0.600000,0.010000
2026-03-20 00:00:00.000 UTC,2.0,7174,0.600000,0.010000
2026-03-20 00:00:00.000 UTC,5.0,7175,0.400000,0.006667
2026-03-21 00:00:00.000 UTC,0.02,6929,1.800000,0.030000
2026-03-21 00:00:00.000 UTC,0.05,7112,0.800000,0.013333
2026-03-21 00:00:00.000 UTC,0.1,7148,0.600000,0.010000
2026-03-21 00:00:00.000 UTC,0.25,7164,0.600000,0.010000
2026-03-21 00:00:00.000 UTC,0.5,7165,0.600000,0.010000
2026-03-21 00:00:00.000 UTC,1.0,7168,0.400000,0.006667
2026-03-21 00:00:00.000 UTC,2.0,7170,0.400000,0.006667
2026-03-21 00:00:00.000 UTC,5.0,7170,0.400000,0.006667
2026-03-22 00:00:00.000 UTC,0.02,5666,2.600000,0.043333
2026-03-22 00:00:00.000 UTC,0.05,6613,1.400000,0.023333
2026-03-22 00:00:00.000 UTC,0.1,6878,1.000000,0.016667
2026-03-22 00:00:00.000 UTC,0.25,7063,1.000000,0.016667
2026-03-22 00:00:00.000 UTC,0.5,7127,0.600000,0.010000
2026-03-22 00:00:00.000 UTC,1.0,7152,0.400000,0.006667
2026-03-22 00:00:00.000 UTC,2.0,7161,0.400000,0.006667
2026-03-22 00:00:00.000 UTC,5.0,7166,0.400000,0.006667
2026-03-23 00:00:00.000 UTC,0.02,5739,8.000000,0.133333
2026-03-23 00:00:00.000 UTC,0.05,6713,5.400000,0.090000
2026-03-23 00:00:00.000 UTC,0.1,6948,2.400000,0.040000
2026-03-23 00:00:00.000 UTC,0.25,7095,1.000000,0.016667
2026-03-23 00:00:00.000 UTC,0.5,7126,0.600000,0.010000
2026-03-23 00:00:00.000 UTC,1.0,7152,0.600000,0.010000
2026-03-23 00:00:00.000 UTC,2.0,7157,0.600000,0.010000
2026-03-23 00:00:00.000 UTC,5.0,7164,0.600000,0.010000
2026-03-24 00:00:00.000 UTC,0.02,6387,2.000000,0.033333
2026-03-24 00:00:00.000 UTC,0.05,6957,1.400000,0.023333
2026-03-24 00:00:00.000 UTC,0.1,7084,1.200000,0.020000
2026-03-24 00:00:00.000 UTC,0.25,7149,0.600000,0.010000
2026-03-24 00:00:00.000 UTC,0.5,7165,0.600000,0.010000
2026-03-24 00:00:00.000 UTC,1.0,7175,0.400000,0.006667
2026-03-24 00:00:00.000 UTC,2.0,7177,0.400000,0.006667
2026-03-24 00:00:00.000 UTC,5.0,7179,0.400000,0.006667
2026-03-25 00:00:00.000 UTC,0.02,6391,3.600000,0.060000
2026-03-25 00:00:00.000 UTC,0.05,6967,1.200000,0.020000
2026-03-25 00:00:00.000 UTC,0.1,7077,0.800000,0.013333
2026-03-25 00:00:00.000 UTC,0.25,7143,0.800000,0.013333
2026-03-25 00:00:00.000 UTC,0.5,7159,0.800000,0.013333
2026-03-25 00:00:00.000 UTC,1.0,7166,0.600000,0.010000
2026-03-25 00:00:00.000 UTC,2.0,7170,0.400000,0.006667
2026-03-25 00:00:00.000 UTC,5.0,7170,0.400000,0.006667
2026-03-26 00:00:00.000 UTC,0.02,6356,3.000000,0.050000
2026-03-26 00:00:00.000 UTC,0.05,6969,1.400000,0.023333
2026-03-26 00:00:00.000 UTC,0.1,7076,1.000000,0.016667
2026-03-26 00:00:00.000 UTC,0.25,7135,0.800000,0.013333
2026-03-26 00:00:00.000 UTC,0.5,7148,0.600000,0.010000
2026-03-26 00:00:00.000 UTC,1.0,7159,0.400000,0.006667
2026-03-26 00:00:00.000 UTC,2.0,7163,0.400000,0.006667
2026-03-26 00:00:00.000 UTC,5.0,7164,0.400000,0.006667
2026-03-27 00:00:00.000 UTC,0.02,6288,2.000000,0.033333
2026-03-27 00:00:00.000 UTC,0.05,6943,1.000000,0.016667
2026-03-27 00:00:00.000 UTC,0.1,7069,0.800000,0.013333
2026-03-27 00:00:00.000 UTC,0.25,7135,0.600000,0.010000
2026-03-27 00:00:00.000 UTC,0.5,7149,0.400000,0.006667
2026-03-27 00:00:00.000 UTC,1.0,7153,0.400000,0.006667
2026-03-27 00:00:00.000 UTC,2.0,7157,0.400000,0.006667
2026-03-27 00:00:00.000 UTC,5.0,7158,0.400000,0.006667
2026-03-28 00:00:00.000 UTC,0.02,6894,2.200000,0.036667
2026-03-28 00:00:00.000 UTC,0.05,7097,0.600000,0.010000
2026-03-28 00:00:00.000 UTC,0.1,7144,0.600000,0.010000
2026-03-28 00:00:00.000 UTC,0.25,7162,0.400000,0.006667
2026-03-28 00:00:00.000 UTC,0.5,7174,0.400000,0.006667
2026-03-28 00:00:00.000 UTC,1.0,7178,0.400000,0.006667
2026-03-28 00:00:00.000 UTC,2.0,7180,0.400000,0.006667
2026-03-28 00:00:00.000 UTC,5.0,7181,0.400000,0.006667
2026-03-29 00:00:00.000 UTC,0.02,6776,1.800000,0.030000
2026-03-29 00:00:00.000 UTC,0.05,7025,1.400000,0.023333
2026-03-29 00:00:00.000 UTC,0.1,7102,1.200000,0.020000
2026-03-29 00:00:00.000 UTC,0.25,7144,0.600000,0.010000
2026-03-29 00:00:00.000 UTC,0.5,7160,0.600000,0.010000
2026-03-29 00:00:00.000 UTC,1.0,7169,0.400000,0.006667
2026-03-29 00:00:00.000 UTC,2.0,7171,0.400000,0.006667
2026-03-29 00:00:00.000 UTC,5.0,7172,0.400000,0.006667
2026-03-30 00:00:00.000 UTC,0.02,6392,4.600000,0.076667
2026-03-30 00:00:00.000 UTC,0.05,6956,3.000000,0.050000
2026-03-30 00:00:00.000 UTC,0.1,7079,2.000000,0.033333
2026-03-30 00:00:00.000 UTC,0.25,7136,1.000000,0.016667
2026-03-30 00:00:00.000 UTC,0.5,7157,0.600000,0.010000
2026-03-30 00:00:00.000 UTC,1.0,7163,0.600000,0.010000
2026-03-30 00:00:00.000 UTC,2.0,7168,0.600000,0.010000
2026-03-30 00:00:00.000 UTC,5.0,7169,0.600000,0.010000
2026-03-31 00:00:00.000 UTC,0.02,5803,3.800000,0.063333
2026-03-31 00:00:00.000 UTC,0.05,6823,1.400000,0.023333
2026-03-31 00:00:00.000 UTC,0.1,7034,1.000000,0.016667
2026-03-31 00:00:00.000 UTC,0.25,7125,0.600000,0.010000
2026-03-31 00:00:00.000 UTC,0.5,7152,0.600000,0.010000
2026-03-31 00:00:00.000 UTC,1.0,7163,0.400000,0.006667
2026-03-31 00:00:00.000 UTC,2.0,7165,0.400000,0.006667
2026-03-31 00:00:00.000 UTC,5.0,7166,0.400000,0.006667
2026-04-01 00:00:00.000 UTC,0.02,6139,2.200000,0.036667
2026-04-01 00:00:00.000 UTC,0.05,6931,1.200000,0.020000
2026-04-01 00:00:00.000 UTC,0.1,7056,0.800000,0.013333
2026-04-01 00:00:00.000 UTC,0.25,7121,0.600000,0.010000
2026-04-01 00:00:00.000 UTC,0.5,7145,0.600000,0.010000
2026-04-01 00:00:00.000 UTC,1.0,7156,0.400000,0.006667
2026-04-01 00:00:00.000 UTC,2.0,7164,0.400000,0.006667
2026-04-01 00:00:00.000 UTC,5.0,7165,0.400000,0.006667
2026-04-02 00:00:00.000 UTC,0.02,6102,4.000000,0.066667
2026-04-02 00:00:00.000 UTC,0.05,6927,0.800000,0.013333
2026-04-02 00:00:00.000 UTC,0.1,7060,0.800000,0.013333
2026-04-02 00:00:00.000 UTC,0.25,7136,0.600000,0.010000
2026-04-02 00:00:00.000 UTC,0.5,7163,0.600000,0.010000
2026-04-02 00:00:00.000 UTC,1.0,7176,0.400000,0.006667
2026-04-02 00:00:00.000 UTC,2.0,7177,0.400000,0.006667
2026-04-02 00:00:00.000 UTC,5.0,7178,0.400000,0.006667
2026-04-03 00:00:00.000 UTC,0.02,6746,1.000000,0.016667
2026-04-03 00:00:00.000 UTC,0.05,7094,0.600000,0.010000
2026-04-03 00:00:00.000 UTC,0.1,7142,0.600000,0.010000
2026-04-03 00:00:00.000 UTC,0.25,7165,0.400000,0.006667
2026-04-03 00:00:00.000 UTC,0.5,7172,0.400000,0.006667
2026-04-03 00:00:00.000 UTC,1.0,7175,0.400000,0.006667
2026-04-03 00:00:00.000 UTC,2.0,7176,0.400000,0.006667
2026-04-03 00:00:00.000 UTC,5.0,7179,0.400000,0.006667
2026-04-04 00:00:00.000 UTC,0.02,6985,1.400000,0.023333
2026-04-04 00:00:00.000 UTC,0.05,7141,0.600000,0.010000
2026-04-04 00:00:00.000 UTC,0.1,7164,0.400000,0.006667
2026-04-04 00:00:00.000 UTC,0.25,7178,0.400000,0.006667
2026-04-04 00:00:00.000 UTC,0.5,7180,0.400000,0.006667
2026-04-04 00:00:00.000 UTC,1.0,7181,0.400000,0.006667
2026-04-04 00:00:00.000 UTC,2.0,7182,0.400000,0.006667
2026-04-04 00:00:00.000 UTC,5.0,7182,0.400000,0.006667
2026-04-05 00:00:00.000 UTC,0.02,6885,3.400000,0.056667
2026-04-05 00:00:00.000 UTC,0.05,7089,1.000000,0.016667
2026-04-05 00:00:00.000 UTC,0.1,7139,0.800000,0.013333
2026-04-05 00:00:00.000 UTC,0.25,7162,0.600000,0.010000
2026-04-05 00:00:00.000 UTC,0.5,7167,0.600000,0.010000
2026-04-05 00:00:00.000 UTC,1.0,7172,0.400000,0.006667
2026-04-05 00:00:00.000 UTC,2.0,7174,0.400000,0.006667
2026-04-05 00:00:00.000 UTC,5.0,7176,0.400000,0.006667
2026-04-06 00:00:00.000 UTC,0.02,6374,1.800000,0.030000
2026-04-06 00:00:00.000 UTC,0.05,6992,0.800000,0.013333
2026-04-06 00:00:00.000 UTC,0.1,7104,0.600000,0.010000
2026-04-06 00:00:00.000 UTC,0.25,7149,0.600000,0.010000
2026-04-06 00:00:00.000 UTC,0.5,7165,0.400000,0.006667
2026-04-06 00:00:00.000 UTC,1.0,7168,0.400000,0.006667
2026-04-06 00:00:00.000 UTC,2.0,7168,0.400000,0.006667
2026-04-06 00:00:00.000 UTC,5.0,7169,0.400000,0.006667
2026-04-07 00:00:00.000 UTC,0.02,6060,3.600000,0.060000
2026-04-07 00:00:00.000 UTC,0.05,6895,1.400000,0.023333
2026-04-07 00:00:00.000 UTC,0.1,7068,1.000000,0.016667
2026-04-07 00:00:00.000 UTC,0.25,7146,1.000000,0.016667
2026-04-07 00:00:00.000 UTC,0.5,7154,0.600000,0.010000
2026-04-07 00:00:00.000 UTC,1.0,7170,0.400000,0.006667
2026-04-07 00:00:00.000 UTC,2.0,7175,0.400000,0.006667
2026-04-07 00:00:00.000 UTC,5.0,7177,0.400000,0.006667
2026-04-08 00:00:00.000 UTC,0.02,6398,2.200000,0.036667
2026-04-08 00:00:00.000 UTC,0.05,7033,1.000000,0.016667
2026-04-08 00:00:00.000 UTC,0.1,7110,0.800000,0.013333
2026-04-08 00:00:00.000 UTC,0.25,7158,0.400000,0.006667
2026-04-08 00:00:00.000 UTC,0.5,7172,0.400000,0.006667
2026-04-08 00:00:00.000 UTC,1.0,7178,0.400000,0.006667
2026-04-08 00:00:00.000 UTC,2.0,7178,0.400000,0.006667
2026-04-08 00:00:00.000 UTC,5.0,7179,0.400000,0.006667
2026-04-09 00:00:00.000 UTC,0.02,6547,1.600000,0.026667
2026-04-09 00:00:00.000 UTC,0.05,7037,1.000000,0.016667
2026-04-09 00:00:00.000 UTC,0.1,7115,0.800000,0.013333
2026-04-09 00:00:00.000 UTC,0.25,7156,0.600000,0.010000
2026-04-09 00:00:00.000 UTC,0.5,7168,0.600000,0.010000
2026-04-09 00:00:00.000 UTC,1.0,7169,0.600000,0.010000
2026-04-09 00:00:00.000 UTC,2.0,7171,0.600000,0.010000
2026-04-09 00:00:00.000 UTC,5.0,7171,0.600000,0.010000
2026-04-10 00:00:00.000 UTC,0.02,6384,2.200000,0.036667
2026-04-10 00:00:00.000 UTC,0.05,6991,1.000000,0.016667
2026-04-10 00:00:00.000 UTC,0.1,7095,0.800000,0.013333
2026-04-10 00:00:00.000 UTC,0.25,7141,0.600000,0.010000
2026-04-10 00:00:00.000 UTC,0.5,7157,0.600000,0.010000
2026-04-10 00:00:00.000 UTC,1.0,7162,0.600000,0.010000
2026-04-10 00:00:00.000 UTC,2.0,7163,0.600000,0.010000
2026-04-10 00:00:00.000 UTC,5.0,7164,0.600000,0.010000
2026-04-11 00:00:00.000 UTC,0.02,6879,1.800000,0.030000
2026-04-11 00:00:00.000 UTC,0.05,7104,1.000000,0.016667
2026-04-11 00:00:00.000 UTC,0.1,7144,0.600000,0.010000
2026-04-11 00:00:00.000 UTC,0.25,7162,0.400000,0.006667
2026-04-11 00:00:00.000 UTC,0.5,7168,0.400000,0.006667
2026-04-11 00:00:00.000 UTC,1.0,7170,0.400000,0.006667
2026-04-11 00:00:00.000 UTC,2.0,7171,0.400000,0.006667
2026-04-11 00:00:00.000 UTC,5.0,7172,0.400000,0.006667
2026-04-12 00:00:00.000 UTC,0.02,6778,1.400000,0.023333
2026-04-12 00:00:00.000 UTC,0.05,7055,1.000000,0.016667
2026-04-12 00:00:00.000 UTC,0.1,7127,0.800000,0.013333
2026-04-12 00:00:00.000 UTC,0.25,7162,0.600000,0.010000
2026-04-12 00:00:00.000 UTC,0.5,7169,0.400000,0.006667
2026-04-12 00:00:00.000 UTC,1.0,7174,0.400000,0.006667
2026-04-12 00:00:00.000 UTC,2.0,7178,0.400000,0.006667
2026-04-12 00:00:00.000 UTC,5.0,7178,0.400000,0.006667
2026-04-13 00:00:00.000 UTC,0.02,6135,2.400000,0.040000
2026-04-13 00:00:00.000 UTC,0.05,6946,1.200000,0.020000
2026-04-13 00:00:00.000 UTC,0.1,7076,0.800000,0.013333
2026-04-13 00:00:00.000 UTC,0.25,7144,0.600000,0.010000
2026-04-13 00:00:00.000 UTC,0.5,7162,0.400000,0.006667
2026-04-13 00:00:00.000 UTC,1.0,7174,0.400000,0.006667
2026-04-13 00:00:00.000 UTC,2.0,7178,0.400000,0.006667
2026-04-13 00:00:00.000 UTC,5.0,7180,0.400000,0.006667
2026-04-14 00:00:00.000 UTC,0.02,6259,2.200000,0.036667
2026-04-14 00:00:00.000 UTC,0.05,7015,1.000000,0.016667
2026-04-14 00:00:00.000 UTC,0.1,7109,0.800000,0.013333
2026-04-14 00:00:00.000 UTC,0.25,7151,0.600000,0.010000
2026-04-14 00:00:00.000 UTC,0.5,7167,0.400000,0.006667
2026-04-14 00:00:00.000 UTC,1.0,7176,0.400000,0.006667
2026-04-14 00:00:00.000 UTC,2.0,7179,0.400000,0.006667
2026-04-14 00:00:00.000 UTC,5.0,7181,0.400000,0.006667
2026-04-15 00:00:00.000 UTC,0.02,6206,7.000000,0.116667
2026-04-15 00:00:00.000 UTC,0.05,6925,6.200000,0.103333
2026-04-15 00:00:00.000 UTC,0.1,7073,3.200000,0.053333
2026-04-15 00:00:00.000 UTC,0.25,7149,1.800000,0.030000
2026-04-15 00:00:00.000 UTC,0.5,7167,0.800000,0.013333
2026-04-15 00:00:00.000 UTC,1.0,7177,0.400000,0.006667
2026-04-15 00:00:00.000 UTC,2.0,7179,0.400000,0.006667
2026-04-15 00:00:00.000 UTC,5.0,7179,0.400000,0.006667
2026-04-16 00:00:00.000 UTC,0.02,6002,8.400000,0.140000
2026-04-16 00:00:00.000 UTC,0.05,6901,5.400000,0.090000
2026-04-16 00:00:00.000 UTC,0.1,7057,4.600000,0.076667
2026-04-16 00:00:00.000 UTC,0.25,7137,1.600000,0.026667
2026-04-16 00:00:00.000 UTC,0.5,7162,1.200000,0.020000
2026-04-16 00:00:00.000 UTC,1.0,7177,0.400000,0.006667
2026-04-16 00:00:00.000 UTC,2.0,7178,0.400000,0.006667
2026-04-16 00:00:00.000 UTC,5.0,7180,0.400000,0.006667
2026-04-17 00:00:00.000 UTC,0.02,3095,15.800000,0.263333
2026-04-17 00:00:00.000 UTC,0.05,5777,3.600000,0.060000
2026-04-17 00:00:00.000 UTC,0.1,6748,1.400000,0.023333
2026-04-17 00:00:00.000 UTC,0.25,7079,0.800000,0.013333
2026-04-17 00:00:00.000 UTC,0.5,7157,0.400000,0.006667
2026-04-17 00:00:00.000 UTC,1.0,7177,0.400000,0.006667
2026-04-17 00:00:00.000 UTC,2.0,7182,0.400000,0.006667
2026-04-17 00:00:00.000 UTC,5.0,7182,0.400000,0.006667
2026-04-18 00:00:00.000 UTC,0.02,4656,19.800000,0.330000
2026-04-18 00:00:00.000 UTC,0.05,5891,12.800000,0.213333
2026-04-18 00:00:00.000 UTC,0.1,6494,4.200000,0.070000
2026-04-18 00:00:00.000 UTC,0.25,7017,2.400000,0.040000
2026-04-18 00:00:00.000 UTC,0.5,7132,1.600000,0.026667
2026-04-18 00:00:00.000 UTC,1.0,7167,1.000000,0.016667
2026-04-18 00:00:00.000 UTC,2.0,7173,0.400000,0.006667
2026-04-18 00:00:00.000 UTC,5.0,7177,0.400000,0.006667
2026-04-19 00:00:00.000 UTC,0.02,698,17.800000,0.296667
2026-04-19 00:00:00.000 UTC,0.05,4138,4.600000,0.076667
2026-04-19 00:00:00.000 UTC,0.1,6493,3.200000,0.053333
2026-04-19 00:00:00.000 UTC,0.25,7079,0.800000,0.013333
2026-04-19 00:00:00.000 UTC,0.5,7141,0.600000,0.010000
2026-04-19 00:00:00.000 UTC,1.0,7167,0.400000,0.006667
2026-04-19 00:00:00.000 UTC,2.0,7173,0.400000,0.006667
2026-04-19 00:00:00.000 UTC,5.0,7175,0.400000,0.006667
2026-04-20 00:00:00.000 UTC,0.02,1071,48.400000,0.806667
2026-04-20 00:00:00.000 UTC,0.05,4152,17.000000,0.283333
2026-04-20 00:00:00.000 UTC,0.1,6397,7.400000,0.123333
2026-04-20 00:00:00.000 UTC,0.25,7085,0.800000,0.013333
2026-04-20 00:00:00.000 UTC,0.5,7161,0.400000,0.006667
2026-04-20 00:00:00.000 UTC,1.0,7179,0.400000,0.006667
2026-04-20 00:00:00.000 UTC,2.0,7182,0.400000,0.006667
2026-04-20 00:00:00.000 UTC,5.0,7184,0.400000,0.006667
2026-04-21 00:00:00.000 UTC,0.02,1689,12.400000,0.206667
2026-04-21 00:00:00.000 UTC,0.05,5516,6.200000,0.103333
2026-04-21 00:00:00.000 UTC,0.1,6733,1.800000,0.030000
2026-04-21 00:00:00.000 UTC,0.25,7099,1.000000,0.016667
2026-04-21 00:00:00.000 UTC,0.5,7165,0.400000,0.006667
2026-04-21 00:00:00.000 UTC,1.0,7178,0.400000,0.006667
2026-04-21 00:00:00.000 UTC,2.0,7182,0.400000,0.006667
2026-04-21 00:00:00.000 UTC,5.0,7182,0.400000,0.006667
2026-04-22 00:00:00.000 UTC,0.02,426,29.800000,0.496667
2026-04-22 00:00:00.000 UTC,0.05,2149,29.800000,0.496667
2026-04-22 00:00:00.000 UTC,0.1,5370,5.200000,0.086667
2026-04-22 00:00:00.000 UTC,0.25,7030,0.800000,0.013333
2026-04-22 00:00:00.000 UTC,0.5,7148,0.600000,0.010000
2026-04-22 00:00:00.000 UTC,1.0,7163,0.600000,0.010000
2026-04-22 00:00:00.000 UTC,2.0,7168,0.400000,0.006667
2026-04-22 00:00:00.000 UTC,5.0,7168,0.400000,0.006667
2026-04-23 00:00:00.000 UTC,0.02,802,24.400000,0.406667
2026-04-23 00:00:00.000 UTC,0.05,3901,18.000000,0.300000
2026-04-23 00:00:00.000 UTC,0.1,6029,12.400000,0.206667
2026-04-23 00:00:00.000 UTC,0.25,7026,1.600000,0.026667
2026-04-23 00:00:00.000 UTC,0.5,7153,0.600000,0.010000
2026-04-23 00:00:00.000 UTC,1.0,7177,0.400000,0.006667
2026-04-23 00:00:00.000 UTC,2.0,7182,0.400000,0.006667
2026-04-23 00:00:00.000 UTC,5.0,7183,0.400000,0.006667
2026-04-24 00:00:00.000 UTC,0.02,887,29.183333,0.486389
2026-04-24 00:00:00.000 UTC,0.05,4081,20.000000,0.333333
2026-04-24 00:00:00.000 UTC,0.1,6283,7.400000,0.123333
2026-04-24 00:00:00.000 UTC,0.25,7073,1.200000,0.020000
2026-04-24 00:00:00.000 UTC,0.5,7170,0.600000,0.010000
2026-04-24 00:00:00.000 UTC,1.0,7183,0.400000,0.006667
2026-04-24 00:00:00.000 UTC,2.0,7183,0.400000,0.006667
2026-04-24 00:00:00.000 UTC,5.0,7183,0.400000,0.006667
2026-04-25 00:00:00.000 UTC,0.02,2639,10.400000,0.173333
2026-04-25 00:00:00.000 UTC,0.05,5695,8.200000,0.136667
2026-04-25 00:00:00.000 UTC,0.1,6849,6.200000,0.103333
2026-04-25 00:00:00.000 UTC,0.25,7136,3.600000,0.060000
2026-04-25 00:00:00.000 UTC,0.5,7171,1.600000,0.026667
2026-04-25 00:00:00.000 UTC,1.0,7185,0.400000,0.006667
2026-04-25 00:00:00.000 UTC,2.0,7187,0.400000,0.006667
2026-04-25 00:00:00.000 UTC,5.0,7187,0.400000,0.006667
2026-04-26 00:00:00.000 UTC,0.02,1580,28.400000,0.473333
2026-04-26 00:00:00.000 UTC,0.05,4549,20.200000,0.336667
2026-04-26 00:00:00.000 UTC,0.1,6301,6.800000,0.113333
2026-04-26 00:00:00.000 UTC,0.25,7045,2.000000,0.033333
2026-04-26 00:00:00.000 UTC,0.5,7147,1.400000,0.023333
2026-04-26 00:00:00.000 UTC,1.0,7174,0.600000,0.010000
2026-04-26 00:00:00.000 UTC,2.0,7178,0.600000,0.010000
2026-04-26 00:00:00.000 UTC,5.0,7183,0.400000,0.006667
2026-04-27 00:00:00.000 UTC,0.02,1277,34.000000,0.566667
2026-04-27 00:00:00.000 UTC,0.05,4576,21.800000,0.363333
2026-04-27 00:00:00.000 UTC,0.1,6219,8.000000,0.133333
2026-04-27 00:00:00.000 UTC,0.25,7040,2.800000,0.046667
2026-04-27 00:00:00.000 UTC,0.5,7157,0.600000,0.010000
2026-04-27 00:00:00.000 UTC,1.0,7177,0.600000,0.010000
2026-04-27 00:00:00.000 UTC,2.0,7182,0.400000,0.006667
2026-04-27 00:00:00.000 UTC,5.0,7183,0.400000,0.006667
2026-04-28 00:00:00.000 UTC,0.02,2169,29.600000,0.493333
2026-04-28 00:00:00.000 UTC,0.05,5705,10.200000,0.170000
2026-04-28 00:00:00.000 UTC,0.1,6718,10.200000,0.170000
2026-04-28 00:00:00.000 UTC,0.25,7087,3.400000,0.056667
2026-04-28 00:00:00.000 UTC,0.5,7146,2.200000,0.036667
2026-04-28 00:00:00.000 UTC,1.0,7174,0.400000,0.006667
2026-04-28 00:00:00.000 UTC,2.0,7181,0.400000,0.006667
2026-04-28 00:00:00.000 UTC,5.0,7181,0.400000,0.006667
2026-04-29 00:00:00.000 UTC,0.02,2153,17.400000,0.290000
2026-04-29 00:00:00.000 UTC,0.05,5647,10.800000,0.180000
2026-04-29 00:00:00.000 UTC,0.1,6813,2.400000,0.040000
2026-04-29 00:00:00.000 UTC,0.25,7130,1.000000,0.016667
2026-04-29 00:00:00.000 UTC,0.5,7167,0.400000,0.006667
2026-04-29 00:00:00.000 UTC,1.0,7174,0.400000,0.006667
2026-04-29 00:00:00.000 UTC,2.0,7178,0.400000,0.006667
2026-04-29 00:00:00.000 UTC,5.0,7180,0.400000,0.006667
2026-04-30 00:00:00.000 UTC,0.02,3762,20.200000,0.336667
2026-04-30 00:00:00.000 UTC,0.05,6194,16.000000,0.266667
2026-04-30 00:00:00.000 UTC,0.1,6813,5.400000,0.090000
2026-04-30 00:00:00.000 UTC,0.25,7116,0.600000,0.010000
2026-04-30 00:00:00.000 UTC,0.5,7168,0.400000,0.006667
2026-04-30 00:00:00.000 UTC,1.0,7173,0.400000,0.006667
2026-04-30 00:00:00.000 UTC,2.0,7175,0.400000,0.006667
2026-04-30 00:00:00.000 UTC,5.0,7176,0.400000,0.006667
2026-05-01 00:00:00.000 UTC,0.02,3983,17.200000,0.286667
2026-05-01 00:00:00.000 UTC,0.05,6571,8.000000,0.133333
2026-05-01 00:00:00.000 UTC,0.1,6962,4.400000,0.073333
2026-05-01 00:00:00.000 UTC,0.25,7113,3.800000,0.063333
2026-05-01 00:00:00.000 UTC,0.5,7155,0.600000,0.010000
2026-05-01 00:00:00.000 UTC,1.0,7176,0.400000,0.006667
2026-05-01 00:00:00.000 UTC,2.0,7177,0.400000,0.006667
2026-05-01 00:00:00.000 UTC,5.0,7178,0.400000,0.006667
2026-05-02 00:00:00.000 UTC,0.02,5355,8.600000,0.143333
2026-05-02 00:00:00.000 UTC,0.05,6780,4.800000,0.080000
2026-05-02 00:00:00.000 UTC,0.1,7076,1.400000,0.023333
2026-05-02 00:00:00.000 UTC,0.25,7164,0.600000,0.010000
2026-05-02 00:00:00.000 UTC,0.5,7186,0.400000,0.006667
2026-05-02 00:00:00.000 UTC,1.0,7188,0.400000,0.006667
2026-05-02 00:00:00.000 UTC,2.0,7190,0.400000,0.006667
2026-05-02 00:00:00.000 UTC,5.0,7190,0.400000,0.006667
2026-05-03 00:00:00.000 UTC,0.02,4795,7.400000,0.123333
2026-05-03 00:00:00.000 UTC,0.05,6649,3.200000,0.053333
2026-05-03 00:00:00.000 UTC,0.1,7012,1.400000,0.023333
2026-05-03 00:00:00.000 UTC,0.25,7145,0.600000,0.010000
2026-05-03 00:00:00.000 UTC,0.5,7170,0.600000,0.010000
2026-05-03 00:00:00.000 UTC,1.0,7177,0.400000,0.006667
2026-05-03 00:00:00.000 UTC,2.0,7178,0.400000,0.006667
2026-05-03 00:00:00.000 UTC,5.0,7178,0.400000,0.006667
2026-05-04 00:00:00.000 UTC,0.02,3417,12.400000,0.206667
2026-05-04 00:00:00.000 UTC,0.05,6236,3.800000,0.063333
2026-05-04 00:00:00.000 UTC,0.1,6917,1.600000,0.026667
2026-05-04 00:00:00.000 UTC,0.25,7102,1.200000,0.020000
2026-05-04 00:00:00.000 UTC,0.5,7144,0.400000,0.006667
2026-05-04 00:00:00.000 UTC,1.0,7157,0.400000,0.006667
2026-05-04 00:00:00.000 UTC,2.0,7159,0.400000,0.006667
2026-05-04 00:00:00.000 UTC,5.0,7163,0.400000,0.006667
2026-05-05 00:00:00.000 UTC,0.02,5031,5.400000,0.090000
2026-05-05 00:00:00.000 UTC,0.05,6802,3.000000,0.050000
2026-05-05 00:00:00.000 UTC,0.1,7060,1.200000,0.020000
2026-05-05 00:00:00.000 UTC,0.25,7144,1.000000,0.016667
2026-05-05 00:00:00.000 UTC,0.5,7166,0.600000,0.010000
2026-05-05 00:00:00.000 UTC,1.0,7174,0.600000,0.010000
2026-05-05 00:00:00.000 UTC,2.0,7177,0.600000,0.010000
2026-05-05 00:00:00.000 UTC,5.0,7178,0.400000,0.006667
2026-05-06 00:00:00.000 UTC,0.02,4083,13.800000,0.230000
2026-05-06 00:00:00.000 UTC,0.05,6311,8.600000,0.143333
2026-05-06 00:00:00.000 UTC,0.1,6866,4.600000,0.076667
2026-05-06 00:00:00.000 UTC,0.25,7135,1.000000,0.016667
2026-05-06 00:00:00.000 UTC,0.5,7164,0.800000,0.013333
2026-05-06 00:00:00.000 UTC,1.0,7175,0.400000,0.006667
2026-05-06 00:00:00.000 UTC,2.0,7177,0.400000,0.006667
2026-05-06 00:00:00.000 UTC,5.0,7177,0.400000,0.006667
2026-05-07 00:00:00.000 UTC,0.02,3152,16.800000,0.280000
2026-05-07 00:00:00.000 UTC,0.05,5912,5.800000,0.096667
2026-05-07 00:00:00.000 UTC,0.1,6909,2.400000,0.040000
2026-05-07 00:00:00.000 UTC,0.25,7146,1.000000,0.016667
2026-05-07 00:00:00.000 UTC,0.5,7168,0.400000,0.006667
2026-05-07 00:00:00.000 UTC,1.0,7172,0.400000,0.006667
2026-05-07 00:00:00.000 UTC,2.0,7173,0.400000,0.006667
2026-05-07 00:00:00.000 UTC,5.0,7173,0.400000,0.006667
2026-05-08 00:00:00.000 UTC,0.02,2979,38.600000,0.643333
2026-05-08 00:00:00.000 UTC,0.05,5637,17.400000,0.290000
2026-05-08 00:00:00.000 UTC,0.1,6649,6.600000,0.110000
2026-05-08 00:00:00.000 UTC,0.25,7112,2.400000,0.040000
2026-05-08 00:00:00.000 UTC,0.5,7172,0.600000,0.010000
2026-05-08 00:00:00.000 UTC,1.0,7181,0.400000,0.006667
2026-05-08 00:00:00.000 UTC,2.0,7185,0.400000,0.006667
2026-05-08 00:00:00.000 UTC,5.0,7186,0.400000,0.006667
2026-05-09 00:00:00.000 UTC,0.02,4936,6.400000,0.106667
2026-05-09 00:00:00.000 UTC,0.05,6871,3.000000,0.050000
2026-05-09 00:00:00.000 UTC,0.1,7114,1.200000,0.020000
2026-05-09 00:00:00.000 UTC,0.25,7161,0.600000,0.010000
2026-05-09 00:00:00.000 UTC,0.5,7169,0.400000,0.006667
2026-05-09 00:00:00.000 UTC,1.0,7171,0.400000,0.006667
2026-05-09 00:00:00.000 UTC,2.0,7172,0.400000,0.006667
2026-05-09 00:00:00.000 UTC,5.0,7172,0.400000,0.006667
2026-05-10 00:00:00.000 UTC,0.02,3777,15.200000,0.253333
2026-05-10 00:00:00.000 UTC,0.05,6433,4.600000,0.076667
2026-05-10 00:00:00.000 UTC,0.1,7030,1.000000,0.016667
2026-05-10 00:00:00.000 UTC,0.25,7146,0.600000,0.010000
2026-05-10 00:00:00.000 UTC,0.5,7163,0.400000,0.006667
2026-05-10 00:00:00.000 UTC,1.0,7171,0.400000,0.006667
2026-05-10 00:00:00.000 UTC,2.0,7174,0.400000,0.006667
2026-05-10 00:00:00.000 UTC,5.0,7174,0.400000,0.006667
2026-05-11 00:00:00.000 UTC,0.02,2271,13.200000,0.220000
2026-05-11 00:00:00.000 UTC,0.05,5750,4.800000,0.080000
2026-05-11 00:00:00.000 UTC,0.1,6845,3.600000,0.060000
2026-05-11 00:00:00.000 UTC,0.25,7108,3.200000,0.053333
2026-05-11 00:00:00.000 UTC,0.5,7150,0.800000,0.013333
2026-05-11 00:00:00.000 UTC,1.0,7162,0.400000,0.006667
2026-05-11 00:00:00.000 UTC,2.0,7165,0.400000,0.006667
2026-05-11 00:00:00.000 UTC,5.0,7166,0.400000,0.006667
2026-05-12 00:00:00.000 UTC,0.02,3565,48.000000,0.800000
2026-05-12 00:00:00.000 UTC,0.05,6091,15.000000,0.250000
2026-05-12 00:00:00.000 UTC,0.1,6871,15.000000,0.250000
2026-05-12 00:00:00.000 UTC,0.25,7132,1.000000,0.016667
2026-05-12 00:00:00.000 UTC,0.5,7172,0.400000,0.006667
2026-05-12 00:00:00.000 UTC,1.0,7178,0.400000,0.006667
2026-05-12 00:00:00.000 UTC,2.0,7179,0.400000,0.006667
2026-05-12 00:00:00.000 UTC,5.0,7179,0.400000,0.006667
2026-05-13 00:00:00.000 UTC,0.02,4423,12.400000,0.206667
2026-05-13 00:00:00.000 UTC,0.05,6592,3.200000,0.053333
2026-05-13 00:00:00.000 UTC,0.1,7030,1.400000,0.023333
2026-05-13 00:00:00.000 UTC,0.25,7134,0.600000,0.010000
2026-05-13 00:00:00.000 UTC,0.5,7150,0.600000,0.010000
2026-05-13 00:00:00.000 UTC,1.0,7156,0.600000,0.010000
2026-05-13 00:00:00.000 UTC,2.0,7157,0.600000,0.010000
2026-05-13 00:00:00.000 UTC,5.0,7158,0.400000,0.006667
2026-05-14 00:00:00.000 UTC,0.02,4447,9.400000,0.156667
2026-05-14 00:00:00.000 UTC,0.05,6682,2.800000,0.046667
2026-05-14 00:00:00.000 UTC,0.1,7063,0.800000,0.013333
2026-05-14 00:00:00.000 UTC,0.25,7154,0.400000,0.006667
2026-05-14 00:00:00.000 UTC,0.5,7171,0.400000,0.006667
2026-05-14 00:00:00.000 UTC,1.0,7175,0.400000,0.006667
2026-05-14 00:00:00.000 UTC,2.0,7175,0.400000,0.006667
2026-05-14 00:00:00.000 UTC,5.0,7175,0.400000,0.006667
2026-05-15 00:00:00.000 UTC,0.02,4454,20.200000,0.336667
2026-05-15 00:00:00.000 UTC,0.05,6344,7.000000,0.116667
2026-05-15 00:00:00.000 UTC,0.1,6975,5.000000,0.083333
2026-05-15 00:00:00.000 UTC,0.25,7141,1.200000,0.020000
2026-05-15 00:00:00.000 UTC,0.5,7171,0.800000,0.013333
2026-05-15 00:00:00.000 UTC,1.0,7178,0.400000,0.006667
2026-05-15 00:00:00.000 UTC,2.0,7180,0.400000,0.006667
2026-05-15 00:00:00.000 UTC,5.0,7180,0.400000,0.006667
2026-05-16 00:00:00.000 UTC,0.02,5477,33.400000,0.556667
2026-05-16 00:00:00.000 UTC,0.05,6740,5.600000,0.093333
2026-05-16 00:00:00.000 UTC,0.1,7082,2.800000,0.046667
2026-05-16 00:00:00.000 UTC,0.25,7166,0.600000,0.010000
2026-05-16 00:00:00.000 UTC,0.5,7177,0.400000,0.006667
2026-05-16 00:00:00.000 UTC,1.0,7180,0.400000,0.006667
2026-05-16 00:00:00.000 UTC,2.0,7182,0.400000,0.006667
2026-05-16 00:00:00.000 UTC,5.0,7182,0.400000,0.006667
2026-05-17 00:00:00.000 UTC,0.02,6160,5.000000,0.083333
2026-05-17 00:00:00.000 UTC,0.05,7040,2.000000,0.033333
2026-05-17 00:00:00.000 UTC,0.1,7131,1.000000,0.016667
2026-05-17 00:00:00.000 UTC,0.25,7164,0.600000,0.010000
2026-05-17 00:00:00.000 UTC,0.5,7174,0.600000,0.010000
2026-05-17 00:00:00.000 UTC,1.0,7175,0.600000,0.010000
2026-05-17 00:00:00.000 UTC,2.0,7175,0.600000,0.010000
2026-05-17 00:00:00.000 UTC,5.0,7176,0.600000,0.010000
2026-05-18 00:00:00.000 UTC,0.02,5258,9.400000,0.156667
2026-05-18 00:00:00.000 UTC,0.05,6708,3.200000,0.053333
2026-05-18 00:00:00.000 UTC,0.1,7010,1.800000,0.030000
2026-05-18 00:00:00.000 UTC,0.25,7136,0.600000,0.010000
2026-05-18 00:00:00.000 UTC,0.5,7164,0.600000,0.010000
2026-05-18 00:00:00.000 UTC,1.0,7176,0.400000,0.006667
2026-05-18 00:00:00.000 UTC,2.0,7176,0.400000,0.006667
2026-05-18 00:00:00.000 UTC,5.0,7178,0.400000,0.006667
2026-05-19 00:00:00.000 UTC,0.02,5970,13.600000,0.226667
2026-05-19 00:00:00.000 UTC,0.05,6958,1.400000,0.023333
2026-05-19 00:00:00.000 UTC,0.1,7126,0.600000,0.010000
2026-05-19 00:00:00.000 UTC,0.25,7171,0.400000,0.006667
2026-05-19 00:00:00.000 UTC,0.5,7176,0.400000,0.006667
2026-05-19 00:00:00.000 UTC,1.0,7181,0.400000,0.006667
2026-05-19 00:00:00.000 UTC,2.0,7181,0.400000,0.006667
2026-05-19 00:00:00.000 UTC,5.0,7181,0.400000,0.006667
2026-05-20 00:00:00.000 UTC,0.02,5816,10.000000,0.166667
2026-05-20 00:00:00.000 UTC,0.05,6941,1.800000,0.030000
2026-05-20 00:00:00.000 UTC,0.1,7098,1.400000,0.023333
2026-05-20 00:00:00.000 UTC,0.25,7156,1.000000,0.016667
2026-05-20 00:00:00.000 UTC,0.5,7168,0.600000,0.010000
2026-05-20 00:00:00.000 UTC,1.0,7169,0.600000,0.010000
2026-05-20 00:00:00.000 UTC,2.0,7172,0.400000,0.006667
2026-05-20 00:00:00.000 UTC,5.0,7173,0.400000,0.006667
2026-05-21 00:00:00.000 UTC,0.02,5808,3.400000,0.056667
2026-05-21 00:00:00.000 UTC,0.05,6934,1.200000,0.020000
2026-05-21 00:00:00.000 UTC,0.1,7108,0.800000,0.013333
2026-05-21 00:00:00.000 UTC,0.25,7161,0.400000,0.006667
2026-05-21 00:00:00.000 UTC,0.5,7173,0.400000,0.006667
2026-05-21 00:00:00.000 UTC,1.0,7174,0.400000,0.006667
2026-05-21 00:00:00.000 UTC,2.0,7178,0.400000,0.006667
2026-05-21 00:00:00.000 UTC,5.0,7178,0.400000,0.006667
2026-05-22 00:00:00.000 UTC,0.02,6062,4.800000,0.080000
2026-05-22 00:00:00.000 UTC,0.05,6984,1.800000,0.030000
2026-05-22 00:00:00.000 UTC,0.1,7106,1.000000,0.016667
2026-05-22 00:00:00.000 UTC,0.25,7151,0.800000,0.013333
2026-05-22 00:00:00.000 UTC,0.5,7165,0.400000,0.006667
2026-05-22 00:00:00.000 UTC,1.0,7167,0.400000,0.006667
2026-05-22 00:00:00.000 UTC,2.0,7170,0.400000,0.006667
2026-05-22 00:00:00.000 UTC,5.0,7171,0.400000,0.006667
2026-05-23 00:00:00.000 UTC,0.02,6567,4.600000,0.076667
2026-05-23 00:00:00.000 UTC,0.05,7046,2.800000,0.046667
2026-05-23 00:00:00.000 UTC,0.1,7106,1.200000,0.020000
2026-05-23 00:00:00.000 UTC,0.25,7153,1.200000,0.020000
2026-05-23 00:00:00.000 UTC,0.5,7164,0.600000,0.010000
2026-05-23 00:00:00.000 UTC,1.0,7172,0.400000,0.006667
2026-05-23 00:00:00.000 UTC,2.0,7173,0.400000,0.006667
2026-05-23 00:00:00.000 UTC,5.0,7175,0.400000,0.006667
2026-05-24 00:00:00.000 UTC,0.02,6550,2.200000,0.036667
2026-05-24 00:00:00.000 UTC,0.05,7018,1.600000,0.026667
2026-05-24 00:00:00.000 UTC,0.1,7107,0.800000,0.013333
2026-05-24 00:00:00.000 UTC,0.25,7155,0.600000,0.010000
2026-05-24 00:00:00.000 UTC,0.5,7169,0.400000,0.006667
2026-05-24 00:00:00.000 UTC,1.0,7174,0.400000,0.006667
2026-05-24 00:00:00.000 UTC,2.0,7178,0.400000,0.006667
2026-05-24 00:00:00.000 UTC,5.0,7178,0.400000,0.006667
2026-05-25 00:00:00.000 UTC,0.02,6335,7.000000,0.116667
2026-05-25 00:00:00.000 UTC,0.05,6990,3.200000,0.053333
2026-05-25 00:00:00.000 UTC,0.1,7106,2.000000,0.033333
2026-05-25 00:00:00.000 UTC,0.25,7154,0.600000,0.010000
2026-05-25 00:00:00.000 UTC,0.5,7162,0.400000,0.006667
2026-05-25 00:00:00.000 UTC,1.0,7165,0.400000,0.006667
2026-05-25 00:00:00.000 UTC,2.0,7166,0.400000,0.006667
2026-05-25 00:00:00.000 UTC,5.0,7166,0.400000,0.006667
2026-05-26 00:00:00.000 UTC,0.02,5892,4.600000,0.076667
2026-05-26 00:00:00.000 UTC,0.05,6862,1.400000,0.023333
2026-05-26 00:00:00.000 UTC,0.1,7066,1.000000,0.016667
2026-05-26 00:00:00.000 UTC,0.25,7154,0.600000,0.010000
2026-05-26 00:00:00.000 UTC,0.5,7169,0.400000,0.006667
2026-05-26 00:00:00.000 UTC,1.0,7175,0.400000,0.006667
2026-05-26 00:00:00.000 UTC,2.0,7179,0.400000,0.006667
2026-05-26 00:00:00.000 UTC,5.0,7179,0.400000,0.006667
2026-05-27 00:00:00.000 UTC,0.02,5770,4.000000,0.066667
2026-05-27 00:00:00.000 UTC,0.05,6908,1.200000,0.020000
2026-05-27 00:00:00.000 UTC,0.1,7060,0.800000,0.013333
2026-05-27 00:00:00.000 UTC,0.25,7134,0.800000,0.013333
2026-05-27 00:00:00.000 UTC,0.5,7160,0.600000,0.010000
2026-05-27 00:00:00.000 UTC,1.0,7167,0.600000,0.010000
2026-05-27 00:00:00.000 UTC,2.0,7170,0.400000,0.006667
2026-05-27 00:00:00.000 UTC,5.0,7170,0.400000,0.006667
2026-05-28 00:00:00.000 UTC,0.02,5207,6.000000,0.100000
2026-05-28 00:00:00.000 UTC,0.05,6642,3.400000,0.056667
2026-05-28 00:00:00.000 UTC,0.1,7012,2.000000,0.033333
2026-05-28 00:00:00.000 UTC,0.25,7142,0.800000,0.013333
2026-05-28 00:00:00.000 UTC,0.5,7163,0.800000,0.013333
2026-05-28 00:00:00.000 UTC,1.0,7172,0.400000,0.006667
2026-05-28 00:00:00.000 UTC,2.0,7173,0.400000,0.006667
2026-05-28 00:00:00.000 UTC,5.0,7174,0.400000,0.006667
2026-05-29 00:00:00.000 UTC,0.02,5783,6.200000,0.103333
2026-05-29 00:00:00.000 UTC,0.05,6935,1.600000,0.026667
2026-05-29 00:00:00.000 UTC,0.1,7105,0.600000,0.010000
2026-05-29 00:00:00.000 UTC,0.25,7159,0.600000,0.010000
2026-05-29 00:00:00.000 UTC,0.5,7170,0.600000,0.010000
2026-05-29 00:00:00.000 UTC,1.0,7171,0.600000,0.010000
2026-05-29 00:00:00.000 UTC,2.0,7173,0.600000,0.010000
2026-05-29 00:00:00.000 UTC,5.0,7174,0.400000,0.006667
2026-05-30 00:00:00.000 UTC,0.02,6660,1.800000,0.030000
2026-05-30 00:00:00.000 UTC,0.05,7091,0.800000,0.013333
2026-05-30 00:00:00.000 UTC,0.1,7144,0.600000,0.010000
2026-05-30 00:00:00.000 UTC,0.25,7156,0.400000,0.006667
2026-05-30 00:00:00.000 UTC,0.5,7162,0.400000,0.006667
2026-05-30 00:00:00.000 UTC,1.0,7162,0.400000,0.006667
2026-05-30 00:00:00.000 UTC,2.0,7164,0.400000,0.006667
2026-05-30 00:00:00.000 UTC,5.0,7164,0.400000,0.006667
2026-05-31 00:00:00.000 UTC,0.02,6408,3.600000,0.060000
2026-05-31 00:00:00.000 UTC,0.05,7023,1.800000,0.030000
2026-05-31 00:00:00.000 UTC,0.1,7116,1.000000,0.016667
2026-05-31 00:00:00.000 UTC,0.25,7153,0.800000,0.013333
2026-05-31 00:00:00.000 UTC,0.5,7163,0.800000,0.013333
2026-05-31 00:00:00.000 UTC,1.0,7166,0.600000,0.010000
2026-05-31 00:00:00.000 UTC,2.0,7168,0.400000,0.006667
2026-05-31 00:00:00.000 UTC,5.0,7169,0.400000,0.006667
2026-06-01 00:00:00.000 UTC,0.02,5184,6.400000,0.106667
2026-06-01 00:00:00.000 UTC,0.05,6693,4.000000,0.066667
2026-06-01 00:00:00.000 UTC,0.1,7025,1.600000,0.026667
2026-06-01 00:00:00.000 UTC,0.25,7138,0.600000,0.010000
2026-06-01 00:00:00.000 UTC,0.5,7159,0.400000,0.006667
2026-06-01 00:00:00.000 UTC,1.0,7168,0.400000,0.006667
2026-06-01 00:00:00.000 UTC,2.0,7171,0.400000,0.006667
2026-06-01 00:00:00.000 UTC,5.0,7172,0.400000,0.006667
2026-06-02 00:00:00.000 UTC,0.02,4769,12.400000,0.206667
2026-06-02 00:00:00.000 UTC,0.05,6556,4.800000,0.080000
2026-06-02 00:00:00.000 UTC,0.1,6978,1.000000,0.016667
2026-06-02 00:00:00.000 UTC,0.25,7113,0.800000,0.013333
2026-06-02 00:00:00.000 UTC,0.5,7147,0.800000,0.013333
2026-06-02 00:00:00.000 UTC,1.0,7155,0.400000,0.006667
2026-06-02 00:00:00.000 UTC,2.0,7162,0.400000,0.006667
2026-06-02 00:00:00.000 UTC,5.0,7165,0.400000,0.006667
2026-06-03 00:00:00.000 UTC,0.02,4314,13.400000,0.223333
2026-06-03 00:00:00.000 UTC,0.05,6509,2.800000,0.046667
2026-06-03 00:00:00.000 UTC,0.1,6959,2.200000,0.036667
2026-06-03 00:00:00.000 UTC,0.25,7112,1.600000,0.026667
2026-06-03 00:00:00.000 UTC,0.5,7140,1.400000,0.023333
2026-06-03 00:00:00.000 UTC,1.0,7154,1.000000,0.016667
2026-06-03 00:00:00.000 UTC,2.0,7159,1.000000,0.016667
2026-06-03 00:00:00.000 UTC,5.0,7164,0.400000,0.006667
2026-06-04 00:00:00.000 UTC,0.02,3516,13.800000,0.230000
2026-06-04 00:00:00.000 UTC,0.05,6334,5.600000,0.093333
2026-06-04 00:00:00.000 UTC,0.1,6883,4.400000,0.073333
2026-06-04 00:00:00.000 UTC,0.25,7062,2.200000,0.036667
2026-06-04 00:00:00.000 UTC,0.5,7120,0.800000,0.013333
2026-06-04 00:00:00.000 UTC,1.0,7143,0.600000,0.010000
2026-06-04 00:00:00.000 UTC,2.0,7151,0.600000,0.010000
2026-06-04 00:00:00.000 UTC,5.0,7157,0.600000,0.010000
2026-06-05 00:00:00.000 UTC,0.02,3378,12.400000,0.206667
2026-06-05 00:00:00.000 UTC,0.05,5639,3.800000,0.063333
2026-06-05 00:00:00.000 UTC,0.1,6484,3.000000,0.050000
2026-06-05 00:00:00.000 UTC,0.25,6936,1.400000,0.023333
2026-06-05 00:00:00.000 UTC,0.5,7039,1.000000,0.016667
2026-06-05 00:00:00.000 UTC,1.0,7094,0.800000,0.013333
2026-06-05 00:00:00.000 UTC,2.0,7124,0.600000,0.010000
2026-06-05 00:00:00.000 UTC,5.0,7144,0.600000,0.010000
2026-06-06 00:00:00.000 UTC,0.02,5662,3.400000,0.056667
2026-06-06 00:00:00.000 UTC,0.05,6746,1.400000,0.023333
2026-06-06 00:00:00.000 UTC,0.1,7004,1.000000,0.016667
2026-06-06 00:00:00.000 UTC,0.25,7109,1.000000,0.016667
2026-06-06 00:00:00.000 UTC,0.5,7154,0.600000,0.010000
2026-06-06 00:00:00.000 UTC,1.0,7169,0.400000,0.006667
2026-06-06 00:00:00.000 UTC,2.0,7174,0.400000,0.006667
2026-06-06 00:00:00.000 UTC,5.0,7178,0.400000,0.006667
2026-06-07 00:00:00.000 UTC,0.02,6210,4.000000,0.066667
2026-06-07 00:00:00.000 UTC,0.05,6907,3.800000,0.063333
2026-06-07 00:00:00.000 UTC,0.1,7036,1.800000,0.030000
2026-06-07 00:00:00.000 UTC,0.25,7113,1.200000,0.020000
2026-06-07 00:00:00.000 UTC,0.5,7138,1.200000,0.020000
2026-06-07 00:00:00.000 UTC,1.0,7151,0.600000,0.010000
2026-06-07 00:00:00.000 UTC,2.0,7159,0.600000,0.010000
2026-06-07 00:00:00.000 UTC,5.0,7161,0.400000,0.006667
2026-06-08 00:00:00.000 UTC,0.02,4897,10.800000,0.180000
2026-06-08 00:00:00.000 UTC,0.05,6371,2.200000,0.036667
2026-06-08 00:00:00.000 UTC,0.1,6793,2.200000,0.036667
2026-06-08 00:00:00.000 UTC,0.25,7047,1.600000,0.026667
2026-06-08 00:00:00.000 UTC,0.5,7114,1.600000,0.026667
2026-06-08 00:00:00.000 UTC,1.0,7144,1.000000,0.016667
2026-06-08 00:00:00.000 UTC,2.0,7161,0.400000,0.006667
2026-06-08 00:00:00.000 UTC,5.0,7175,0.400000,0.006667
2026-06-09 00:00:00.000 UTC,0.02,5800,2.200000,0.036667
2026-06-09 00:00:00.000 UTC,0.05,6898,1.200000,0.020000
2026-06-09 00:00:00.000 UTC,0.1,7087,0.800000,0.013333
2026-06-09 00:00:00.000 UTC,0.25,7143,0.800000,0.013333
2026-06-09 00:00:00.000 UTC,0.5,7167,0.400000,0.006667
2026-06-09 00:00:00.000 UTC,1.0,7174,0.400000,0.006667
2026-06-09 00:00:00.000 UTC,2.0,7176,0.400000,0.006667
2026-06-09 00:00:00.000 UTC,5.0,7177,0.400000,0.006667
2026-06-10 00:00:00.000 UTC,0.02,5541,12.400000,0.206667
2026-06-10 00:00:00.000 UTC,0.05,6775,5.600000,0.093333
2026-06-10 00:00:00.000 UTC,0.1,7032,2.800000,0.046667
2026-06-10 00:00:00.000 UTC,0.25,7149,1.000000,0.016667
2026-06-10 00:00:00.000 UTC,0.5,7164,0.600000,0.010000
2026-06-10 00:00:00.000 UTC,1.0,7172,0.600000,0.010000
2026-06-10 00:00:00.000 UTC,2.0,7173,0.600000,0.010000
2026-06-10 00:00:00.000 UTC,5.0,7174,0.600000,0.010000
2026-06-11 00:00:00.000 UTC,0.02,5915,3.600000,0.060000
2026-06-11 00:00:00.000 UTC,0.05,6926,2.000000,0.033333
2026-06-11 00:00:00.000 UTC,0.1,7070,1.400000,0.023333
2026-06-11 00:00:00.000 UTC,0.25,7138,0.800000,0.013333
2026-06-11 00:00:00.000 UTC,0.5,7151,0.600000,0.010000
2026-06-11 00:00:00.000 UTC,1.0,7159,0.400000,0.006667
2026-06-11 00:00:00.000 UTC,2.0,7162,0.400000,0.006667
2026-06-11 00:00:00.000 UTC,5.0,7165,0.400000,0.006667
2026-06-12 00:00:00.000 UTC,0.02,5819,16.200000,0.270000
2026-06-12 00:00:00.000 UTC,0.05,6912,1.400000,0.023333
2026-06-12 00:00:00.000 UTC,0.1,7100,0.800000,0.013333
2026-06-12 00:00:00.000 UTC,0.25,7160,0.400000,0.006667
2026-06-12 00:00:00.000 UTC,0.5,7167,0.400000,0.006667
2026-06-12 00:00:00.000 UTC,1.0,7172,0.400000,0.006667
2026-06-12 00:00:00.000 UTC,2.0,7172,0.400000,0.006667
2026-06-12 00:00:00.000 UTC,5.0,7172,0.400000,0.006667
2026-06-13 00:00:00.000 UTC,0.02,6866,1.000000,0.016667
2026-06-13 00:00:00.000 UTC,0.05,7135,0.800000,0.013333
2026-06-13 00:00:00.000 UTC,0.1,7158,0.400000,0.006667
2026-06-13 00:00:00.000 UTC,0.25,7169,0.400000,0.006667
2026-06-13 00:00:00.000 UTC,0.5,7173,0.400000,0.006667
2026-06-13 00:00:00.000 UTC,1.0,7173,0.400000,0.006667
2026-06-13 00:00:00.000 UTC,2.0,7173,0.400000,0.006667
2026-06-13 00:00:00.000 UTC,5.0,7173,0.400000,0.006667
2026-06-14 00:00:00.000 UTC,0.02,6729,1.600000,0.026667
2026-06-14 00:00:00.000 UTC,0.05,7080,0.600000,0.010000
2026-06-14 00:00:00.000 UTC,0.1,7128,0.600000,0.010000
2026-06-14 00:00:00.000 UTC,0.25,7157,0.600000,0.010000
2026-06-14 00:00:00.000 UTC,0.5,7164,0.600000,0.010000
2026-06-14 00:00:00.000 UTC,1.0,7167,0.400000,0.006667
2026-06-14 00:00:00.000 UTC,2.0,7169,0.400000,0.006667
2026-06-14 00:00:00.000 UTC,5.0,7170,0.400000,0.006667
2026-06-15 00:00:00.000 UTC,0.02,5550,18.800000,0.313333
2026-06-15 00:00:00.000 UTC,0.05,6877,3.200000,0.053333
2026-06-15 00:00:00.000 UTC,0.1,7061,2.600000,0.043333
2026-06-15 00:00:00.000 UTC,0.25,7144,0.600000,0.010000
2026-06-15 00:00:00.000 UTC,0.5,7164,0.600000,0.010000
2026-06-15 00:00:00.000 UTC,1.0,7172,0.600000,0.010000
2026-06-15 00:00:00.000 UTC,2.0,7177,0.600000,0.010000
2026-06-15 00:00:00.000 UTC,5.0,7177,0.600000,0.010000
2026-06-16 00:00:00.000 UTC,0.02,5704,4.600000,0.076667
2026-06-16 00:00:00.000 UTC,0.05,6914,1.200000,0.020000
2026-06-16 00:00:00.000 UTC,0.1,7106,1.000000,0.016667
2026-06-16 00:00:00.000 UTC,0.25,7160,0.600000,0.010000
2026-06-16 00:00:00.000 UTC,0.5,7175,0.400000,0.006667
2026-06-16 00:00:00.000 UTC,1.0,7177,0.400000,0.006667
2026-06-16 00:00:00.000 UTC,2.0,7182,0.400000,0.006667
2026-06-16 00:00:00.000 UTC,5.0,7186,0.400000,0.006667
2026-06-17 00:00:00.000 UTC,0.02,5294,5.200000,0.086667
2026-06-17 00:00:00.000 UTC,0.05,6714,3.000000,0.050000
2026-06-17 00:00:00.000 UTC,0.1,7008,2.000000,0.033333
2026-06-17 00:00:00.000 UTC,0.25,7118,1.600000,0.026667
2026-06-17 00:00:00.000 UTC,0.5,7158,1.000000,0.016667
2026-06-17 00:00:00.000 UTC,1.0,7170,0.800000,0.013333
2026-06-17 00:00:00.000 UTC,2.0,7179,0.400000,0.006667
2026-06-17 00:00:00.000 UTC,5.0,7182,0.400000,0.006667
